0.0 -0.0 -0.0 -5.1299563867676835e-26 -0.0 0.003799574501125214
0.030030030030030026 -7.406057955627826e-10 -6.987239511338793e-12 7.365443783128366e-10 6.948922102467733e-12 0.003799574501125214
0.06006006006006005 -3.4187015755942878e-09 -6.451316815957344e-11 5.315389790548924e-09 1.0030493384955736e-10 0.003799574501125214
0.09009009009009009 -2.0971563040613857e-08 -5.937090625208236e-10 2.6901686891863136e-08 7.615920317367665e-10 0.003799574501125214
0.1201201201201201 -8.33088510008391e-08 -3.1453066920404433e-09 8.03831044700686e-08 3.0348457982471307e-09 0.003799574501125214
0.15015015015015012 -2.4137963893761917e-07 -1.13945862925526e-08 1.8424405498454613e-07 8.69743940562348e-09 0.003799574501125214
0.18018018018018017 -5.683338857418685e-07 -3.220509885900458e-08 3.552225181847393e-07 2.0128971018771883e-08 0.003799574501125214
0.2102102102102102 -1.1553622707222522e-06 -7.641064294544921e-08 6.049140596488161e-07 4.00063888148374e-08 0.003799574501125214
0.2402402402402402 -2.1029387266100733e-06 -1.5901861392231316e-07 9.364567344418093e-07 7.081235892650135e-08 0.003799574501125214
0.27027027027027023 -3.507193492321718e-06 -2.9850615828618536e-07 1.3395590183792313e-06 1.1401327507291055e-07 0.003799574501125214
0.30030030030030025 -5.44153779849086e-06 -5.148947244029204e-07 1.7868761034479218e-06 1.690796081729225e-07 0.003799574501125214
0.3303303303303303 -7.933050670203715e-06 -8.262310863876218e-07 2.2309069253502893e-06 2.3235004151492523e-07 0.003799574501125214
0.36036036036036034 -1.0934207614888186e-05 -1.24318329776941e-06 2.59949341383745e-06 2.955538168439424e-07 0.003799574501125214
0.39039039039039036 -1.4291131903421493e-05 -1.7615736628004402e-06 2.792318457423912e-06 3.441906971393826e-07 0.003799574501125214
0.4204204204204204 -1.7707942992976953e-05 -2.352542736743595e-06 2.679704044787744e-06 3.5600511531396286e-07 0.003799574501125214
0.4504504504504504 -2.0708033265038645e-05 -2.950179447209007e-06 2.100445716640348e-06 2.992409614133863e-07 0.003799574501125214
0.4804804804804804 -2.259429024980619e-05 -3.4366907842663543e-06 8.590225639235261e-07 1.3066110491955643e-07 0.003799574501125214
0.5105105105105104 -2.240867511933671e-05 -3.6250744577705275e-06 -1.2729209912365286e-06 -2.0592174001887472e-07 0.003799574501125214
0.5405405405405405 -1.889160151404168e-05 -3.2392903965401706e-06 -4.555381150358234e-06 -7.810985427554994e-07 0.003799574501125214
0.5705705705705705 -1.0443516794698674e-05 -1.8923112738063211e-06 -9.279812757617417e-06 -1.6814541160086134e-06 0.003799574501125214
0.6006006006006005 4.909771608158551e-06 9.37549166995988e-07 -1.5765684707407647e-05 -3.0105482992303987e-06 0.003799574501125214
0.6306306306306305 2.9547962341449198e-05 5.931810185613066e-06 -2.4355215815941056e-05 -4.889356348175105e-06 0.003799574501125214
0.6606606606606606 6.628101149388069e-05 1.3957803999793759e-05 -3.540917970484003e-05 -7.456651293851509e-06 0.003799574501125214
0.6906906906906907 0.00011836581936581308 2.6094662122672985e-05 -4.930092309493315e-05 -1.0868770540270815e-05 0.003799574501125214
0.7207207207207207 0.00018951456963198847 4.365873527675064e-05 -6.640760898324056e-05 -1.5298413344109955e-05 0.003799574501125214
0.7507507507507507 0.00028389299886758803 6.822749985425445e-05 -8.710261931937085e-05 -2.093321769336539e-05 0.003799574501125214
0.7807807807807807 0.00040610667292122584 0.00010166080826353856 -0.00011174622319463921 -2.7973466401445685e-05 0.003799574501125214
0.8108108108108109 0.0005611753237639835 0.00014611868969356852 -0.0001406739801910448 -3.662865558953096e-05 0.003799574501125214
0.8408408408408408 0.0007544938912792102 0.0002040745157227463 -0.00017418696983886945 -4.7113862585171315e-05 0.003799574501125214
0.8708708708708707 0.0009917784938974147 0.00027832209981615963 -0.00021254098607784554 -5.9645227141113876e-05 0.003799574501125214
0.9009009009009008 0.0012789983454419573 0.0003719759457067548 -0.0002559314553095617 -7.443351702850235e-05 0.003799574501125214
0.9309309309309309 0.0016222933899673248 0.000488463541325714 -0.0003044831246935235 -9.167817996516221e-05 0.003799574501125214
0.9609609609609608 0.0020278754465655213 0.0006315079314351602 -0.00035824019522645855 -0.00011156085795483258 0.003799574501125214
0.9909909909909909 0.0025019144576712035 0.0008050998105996852 -0.00041715067355524817 -0.0001342363753649158 0.003799574501125214
1.0210210210210209 0.00305041260618293 0.001013458862016683 -0.00048105401538317674 -0.00015982377400703467 0.003799574501125214
1.0510510510510511 0.0036790633521477057 0.001260982302121516 -0.0005496751120686479 -0.0001883986552801819 0.003799574501125214
1.081081081081081 0.004393096703627129 0.001552179809978025 -0.0006226134103175507 -0.0002199833124817303 0.003799574501125214
1.111111111111111 0.005197116123561999 0.0018915955730015176 -0.0006993275811919505 -0.00025453442355525077 0.003799574501125214
1.141141141141141 0.006094926408134378 0.0022837163222880572 -0.0007791345959057944 -0.0002919350086909438 0.003799574501125214
1.1711711711711712 0.007089351450808463 0.0027328639697242513 -0.0008612064603449812 -0.0003319852489048429 0.003799574501125214
1.201201201201201 0.008182048212760544 0.0032430742542570775 -0.0009445588476414729 -0.0003743896883471523 0.003799574501125214
1.231231231231231 0.00937332137258517 0.0038179625539883776 -0.0010280503984621016 -0.000418747823628563 0.003799574501125214
1.261261261261261 0.010661935055110977 0.00446057499704107 -0.001110389866123202 -0.0004645476874690437 0.003799574501125214
1.2912912912912913 0.012044927022950963 0.0051732265087493295 -0.0011901354957349459 -0.000511156313675294 0.003799574501125214
1.3213213213213213 0.01351743315005696 0.005957328944913374 -0.0012656934401137148 -0.0005578094659299013 0.003799574501125214
1.351351351351351 0.015072520771651948 0.006813208965165799 -0.0013353345032828265 -0.000603609253362113 0.003799574501125214
1.3813813813813813 0.016701032373812714 0.007739916487477053 -0.001397205280878186 -0.0006475199824662258 0.003799574501125214
1.4114114114114114 0.018391448180204828 0.008735028050793705 -0.0014493338403081808 -0.0006883618748241242 0.003799574501125214
1.4414414414414414 0.020129770841615907 0.009794447589537663 -0.0014896492522517132 -0.0007248116057938267 0.003799574501125214
1.4714714714714712 0.02189943019165729 0.010912204823341022 -0.0015160047721560134 -0.0007554057088312274 0.003799574501125214
1.5015015015015014 0.023681215383327788 0.012080256066479158 -0.0015261947378419675 -0.0007785421036043621 0.003799574501125214
1.5315315315315314 0.025453239496011637 0.013288291819553252 -0.0015179765212424538 -0.0007924851763038148 0.003799574501125214
1.5615615615615615 0.027190935049131778 0.014523552491482372 -0.0014891022689235787 -0.000795377390620028 0.003799574501125214
1.5915915915915912 0.028867084504463337 0.01577065660301978 -0.0014373443857084857 -0.0007852495365017589 0.003799574501125214
1.6216216216216217 0.030451890782245625 0.01701144682563015 -0.0013605241973316108 -0.0007600344163648379 0.003799574501125214
1.6516516516516515 0.031913086480360925 0.018224856188109418 -0.0012565477545092207 -0.0007175865654209004 0.003799574501125214
1.6816816816816815 0.033216083855546766 0.019386798743796025 -0.0011234362795423376 -0.000655701411029803 0.003799574501125214
1.7117117117117115 0.03432416992748116 0.02047009070681771 -0.0009593579976447891 -0.000572137513407916 0.003799574501125214
1.7417417417417413 0.03519874338478527 0.02144440398948474 -0.000762670095549764 -0.0004646474296220914 0.003799574501125214
1.7717717717717716 0.035799593199759706 0.022276255924202737 -0.0005319491563992318 -0.0003310047541739266 0.003799574501125214
1.8018018018018016 0.03608522385612637 0.022929042311542948 -0.00026601987220339755 -0.00016903264698543344 0.003799574501125214
1.8318318318318316 0.03601322262159654 0.023363115524581406 3.60011368634673e-05 2.3355275044257205e-05 0.003799574501125214
1.8618618618618619 0.035540661836798965 0.023535907531130492 0.00037467181786377267 0.0002481169681154297 0.003799574501125214
1.8918918918918919 0.034624543667512796 0.023402106967641226 0.0007502057099636105 0.0005070505604605642 0.003799574501125214
1.9219219219219217 0.03322228362141512 0.0229138927816467 0.0011624395518465137 0.0008017514858306385 0.003799574501125214
1.9519519519519517 0.031292218723588214 0.022021219528749816 0.0016107905296689872 0.00113355886273201 0.003799574501125214
1.9819819819819817 0.028794143657400195 0.020672160625941103 0.002094250749980504 0.0015035240641187895 0.003799574501125214
2.0120120120120117 0.025689877647559808 0.018813316127055068 0.0026113738799917927 0.0019123719857376009 0.003799574501125214
2.0420420420420418 0.021943845724963128 0.01639027793167916 0.0031602373725211313 0.002360441716320345 0.003799574501125214
2.072072072072072 0.01752366394666308 0.01334814828253899 0.0037384366619526302 0.0028476468768465608 0.003799574501125214
2.1021021021021022 0.012400740177134 0.00963212356524218 0.004343097196408439 0.003373447734095762 0.003799574501125214
2.132132132132132 0.006550876870572012 0.00518813716887949 0.0049708621949580345 0.003936803488230999 0.003799574501125214
2.162162162162162 -4.514533669257982e-05 -3.645231358264224e-05 0.0056178762830715 0.004536118300180266 0.003799574501125214
2.192192192192192 -0.007400995687968032 -0.00609211997813407 0.006279822265405888 0.0051692275330475265 0.003799574501125214
2.222222222222222 -0.015524234732726292 -0.013026379638540149 0.006951939369796932 0.005833369761163417 0.003799574501125214
2.2522522522522523 -0.024415792735494476 -0.020882952735497846 0.007629016768285332 0.0065251371649635926 0.003799574501125214
2.282282282282282 -0.03406949357081735 -0.02970090853734569 0.008305432681629405 0.007240462671609906 0.003799574501125214
2.312312312312312 -0.044471612213991034 -0.03951376594828044 0.008975205075894508 0.007974618752300168 0.003799574501125214
2.3423423423423424 -0.055600485309394626 -0.05034857397404765 0.009632015361702174 0.008722194334441961 0.003799574501125214
2.3723723723723724 -0.0674261936461662 -0.06222498983697384 0.010269238314416902 0.0094770773076909 0.003799574501125214
2.402402402402402 -0.07991030629842051 -0.07515434904123985 0.010880018503945195 0.010232481216716442 0.003799574501125214
2.432432432432432 -0.09300569258765636 -0.08913873610384666 0.01145732267011158 0.010980954321534087 0.003799574501125214
2.462462462462462 -0.10665642203169577 -0.10417007934060668 0.011993979272919984 0.011714379206330122 0.003799574501125214
2.4924924924924925 -0.12079775310203662 -0.12022927701255637 0.012482757200039107 0.012424013152101265 0.003799574501125214
2.522522522522522 -0.13535620378945362 -0.13728535471642359 0.01291644175643329 0.013100532066961917 0.003799574501125214
2.552552552552552 -0.15024972021484195 -0.15529467728089255 0.013287893686910612 0.013734063257495188 0.003799574501125214
2.5825825825825826 -0.16538794848167032 -0.17420022978350036 0.013590123141337274 0.014314238708084551 0.003799574501125214
2.6126126126126126 -0.1806726008784206 -0.19393096867077933 0.013816377549253212 0.014830270160614663 0.003799574501125214
2.6426426426426426 -0.1959979239586853 -0.2144012612596231 0.013960210620244906 0.015271012590222186 0.003799574501125214
2.672672672672672 -0.21125127279190925 -0.23551043033659122 0.014015560100012552 0.015625044748552787 0.003799574501125214
2.702702702702702 -0.22631378173035152 -0.25714240643300396 0.013976833957922914 0.015880768244759615 0.003799574501125214
2.7327327327327327 -0.24106113376386126 -0.2791655033959169 0.01383897814615835 0.01602649601922915 0.003799574501125214
2.7627627627627627 -0.2553644309677403 -0.3014323349200997 0.013597549197544903 0.016050555624658135 0.003799574501125214
2.7927927927927922 -0.26909115045829224 -0.32377986973482525 0.01324880283175226 0.015941422256738287 0.003799574501125214
2.8228228228228227 -0.2821061835892304 -0.3460296381082841 0.012789747769975386 0.01568782270574011 0.003799574501125214
2.8528528528528527 -0.29427296245047674 -0.3679881113169463 0.012218197777325603 0.015278846844557182 0.003799574501125214
2.8828828828828827 -0.3054546545732138 -0.38944724866000835 0.011532855714487169 0.014704110282671561 0.003799574501125214
2.9129129129129128 -0.31551540822617374 -0.41018520664293157 0.01073335923861665 0.013953883273138873 0.003799574501125214
2.9429429429429423 -0.3243216605565149 -0.42996724280521353 0.009820299632343685 0.013019195662708713 0.003799574501125214
2.972972972972973 -0.331743491296223 -0.44854681112442096 0.008795271748780814 0.011891992456200628 0.003799574501125214
3.003003003003003 -0.33765598758507337 -0.4656668207964439 0.007660930958256959 0.010565313499064623 0.003799574501125214
3.033033033033033 -0.34194062834315436 -0.4810610851292275 0.006420970815808941 0.009033378698527474 0.003799574501125214
3.063063063063063 -0.34448668501861174 -0.49445597439667816 0.005080123083826522 0.007291710590593042 0.003799574501125214
3.093093093093093 -0.34519259898402255 -0.5055722345148376 0.0036442045282424817 0.005337335249351386 0.003799574501125214
3.123123123123123 -0.3439673175739199 -0.5141269588533477 0.002120081829119386 0.0031688802035418654 0.003799574501125214
3.153153153153153 -0.340731608529333 -0.5198357556298413 0.0005156142969313394 0.0007866447988660189 0.003799574501125214
3.1831831831831825 -0.3354193187855925 -0.5224150763299404 -0.0011603525277609939 -0.0018072472884228421 0.003799574501125214
3.2132132132132125 -0.3279785362259079 -0.521584652617266 -0.002898001763707274 -0.00460869561954 0.003799574501125214
3.2432432432432434 -0.3183726740591067 -0.5170700791720108 -0.004686657983981439 -0.00761161623556776 0.003799574501125214
3.2732732732732734 -0.3065814675961602 -0.5086055369323099 -0.006514856166406869 -0.010807867626613305 0.003799574501125214
3.303303303303303 -0.2926018369452864 -0.49593658873611773 -0.008370364921384404 -0.01418709557303316 0.003799574501125214
3.333333333333333 -0.2764486067200163 -0.4788230325206951 -0.010240309680065859 -0.017736736651113458 0.003799574501125214
3.363363363363363 -0.2581551047149913 -0.4570418497249655 -0.012111300990475088 -0.021442037388234903 0.003799574501125214
3.393393393393393 -0.2377736012884475 -0.4303901848637321 -0.013969508253507266 -0.025285982998544676 0.003799574501125214
3.423423423423423 -0.21537555881582576 -0.3986882950472164 -0.015800755365287522 -0.029249262319646953 0.003799574501125214
3.4534534534534527 -0.19105171809680246 -0.36178250662193173 -0.01759069518409518 -0.033310382446808305 0.003799574501125214
3.4834834834834827 -0.16491200963111777 -0.31954814862767345 -0.019324931487536584 -0.037445702669029385 0.003799574501125214
3.5135135135135136 -0.13708525648575942 -0.2718923858280514 -0.020989112511921256 -0.04162942116151275 0.003799574501125214
3.543543543543543 -0.10771867568549293 -0.21875694192826123 -0.0225691034535649 -0.04583372402367299 0.003799574501125214
3.573573573573573 -0.07697719666949317 -0.16012072734884014 -0.024051142216460653 -0.05002892482308724 0.003799574501125214
3.603603603603603 -0.045042571799406295 -0.09600229733040465 -0.025421956159443225 -0.0541835445100306 0.003799574501125214
3.6336336336336332 -0.012112274371527473 -0.026462097239165205 -0.026668903052061394 -0.05826445836501645 0.003799574501125214
3.6636636636636633 0.02160178919309069 0.048395485250279646 -0.027780139319175372 -0.06223712816815567 0.003799574501125214
3.6936936936936933 0.05587475870018181 0.12842030997853954 -0.028744745458465445 -0.06606577295193469 0.003799574501125214
3.7237237237237237 0.09047049434297105 0.2134149679515213 -0.02955284942470351 -0.06971356195910128 0.003799574501125214
3.7537537537537538 0.12514342285396152 0.3031335567920893 -0.030195772813518484 -0.07314289320445877 0.003799574501125214
3.7837837837837838 0.15964054412420864 0.39728077164258524 -0.03066614462670426 -0.07631563565156184 0.003799574501125214
3.8138138138138133 0.1937035961667496 0.49551136264997336 -0.03095800534779492 -0.07919338472996423 0.003799574501125214
3.8438438438438434 0.2270713519704053 0.5974299559507196 -0.031066922637223496 -0.08173778885634086 0.003799574501125214
3.8738738738738734 0.25948202987087404 0.7025912542017374 -0.030990071705722676 -0.08391083327951665 0.003799574501125214
3.9039039039039034 0.290675810098608 0.8105006654272815 -0.03072629840756756 -0.08567512135599611 0.003799574501125214
3.9339339339339334 0.32039742623658024 0.920615350289301 -0.030276204366954135 -0.08699426464222848 0.003799574501125214
3.9639639639639634 0.34839880055157707 1.0323456741592791 -0.029642185790086033 -0.08783320213667266 0.003799574501125214
3.993993993993994 0.3744417195015024 1.1450571287700817 -0.02882843891469779 -0.08815847105534695 0.003799574501125214
4.0240240240240235 0.3983005179225619 1.2580727159955545 -0.027840986933311492 -0.08793859026313827 0.003799574501125214
4.0540540540540535 0.4197647238285802 1.3706757285034914 -0.026687696111276703 -0.08714447697215805 0.003799574501125214
4.0840840840840835 0.438641659436203 1.4821129900305885 -0.025378210780751902 -0.08574966616310938 0.003799574501125214
4.1141141141141135 0.4547589778080987 1.5915985783473492 -0.02392390258825931 -0.08373061601009667 0.003799574501125214
4.144144144144144 0.46796708115946734 1.6983179387046425 -0.022337853932002553 -0.08106719376689747 0.003799574501125214
4.174174174174174 0.4781413942868971 1.8014323696975714 -0.02063474426311298 -0.0777428950937027 0.003799574501125214
4.2042042042042045 0.4851844964016572 1.9000839743025397 -0.018830718067231633 -0.0737450307862597 0.003799574501125214
4.2342342342342345 0.4890280631439791 1.9934009892272169 -0.016943294954978788 -0.06906511807703619 0.003799574501125214
4.264264264264264 0.48963456978069214 2.080503372637825 -0.014991249184424448 -0.06369922879877303 0.003799574501125214
4.294294294294294 0.48699876673673465 2.160508755278369 -0.012994399464037984 -0.057648018289161974 0.003799574501125214
4.324324324324324 0.48114890220043355 2.2325387308846407 -0.010973437976177591 -0.05091693066478489 0.003799574501125214
4.354354354354354 0.47214763939006354 2.295725321398046 -0.008949791538761543 -0.04351660654983093 0.003799574501125214
4.384384384384384 0.46009265888978385 2.3492176064152233 -0.006945377506467739 -0.03546286341704673 0.003799574501125214
4.414414414414414 0.44511695610556495 2.3921886098207947 -0.0049823654302845344 -0.026776687944156555 0.003799574501125214
4.444444444444444 0.42738879202030616 2.4238422860931323 -0.0030829848175046607 -0.017484475745671576 0.003799574501125214
4.474474474474475 0.40711127008085163 2.443420465602387 -0.0012692985846013516 -0.007618138741182838 0.003799574501125214
4.504504504504505 0.3845215638347062 2.4502098822586174 0.0004370829235590688 0.0027851361260230485 0.003799574501125214
4.534534534534534 0.3598897803315397 2.4435492071429232 0.002015238879190201 0.013682898583317329 0.003799574501125214
4.564564564564564 0.33351743379503196 2.4228358966813928 0.0034451523932266244 0.025027294054370396 0.003799574501125214
4.594594594594594 0.30573554364268385 2.3875328628504446 0.004707992707796349 0.0367653926462044 0.003799574501125214
4.624624624624624 0.27690237576316223 2.337175024625398 0.005786369963548597 0.04883944864964027 0.003799574501125214
4.654654654654654 0.247400814183527 2.271375555976196 0.0066645525733026855 0.0611869522599409 0.003799574501125214
4.684684684684685 0.2176353711877812 2.189831720764974 0.007328701157181192 0.07374087299511252 0.003799574501125214
4.714714714714715 0.18802887059085677 2.092330396183569 0.007767111932490821 0.08643015477273679 0.003799574501125214
4.744744744744745 0.15901881344937838 1.9787531748689604 0.007970416041467204 0.09918000081229618 0.003799574501125214
4.774774774774774 0.13105344052033363 1.849080897617476 0.007931761638582177 0.11191212433741343 0.003799574501125214
4.804804804804804 0.1045875271926859 1.7033976443249867 0.007647004108732633 0.12454533666295153 0.003799574501125214
4.834834834834834 0.0800779424066711 1.5418941813653346 0.0071148590258993194 0.13699602416800957 0.003799574501125214
4.864864864864864 0.05797899668770358 1.364870722079956 0.006337026925776667 0.14917854758013235 0.003799574501125214
4.894894894894894 0.03873761863482492 1.172738972816394 0.0053183037163669535 0.1610058195949809 0.003799574501125214
4.924924924924924 0.02278840236414014 0.9660234997132876 0.004066661869593035 0.1723899231126761 0.003799574501125214
4.954954954954955 0.010548563475433117 0.7453623133601066 0.0025932978398564214 0.1832426265101262 0.003799574501125214
4.984984984984985 0.0024128489707264736 0.5115066378190809 0.0009126536795657146 0.19347601975573145 0.003799574501125214
5.015015015015015 -0.0012515514040391635 0.2653199012887746 -0.0009575946500759295 0.20300318246045762 0.003799574501125214
5.045045045045044 -0.00011004625784935599 0.007775877115234678 -0.002996582397382343 0.2117387446251703 0.003799574501125214
5.075075075075074 0.006134414530229926 -0.2600440565552784 -0.0051803327935386395 0.21959956362577826 0.003799574501125214
5.105105105105104 0.01773654445448494 -0.536954455588706 -0.007481871765051126 0.22650547239891902 0.003799574501125214
5.135135135135134 0.03490412218090866 -0.8216702110460643 -0.009871372934720811 0.23237980432646138 0.003799574501125214
5.165165165165165 0.057793644388025776 -1.1128118595910772 -0.012316333840518442 0.2371499930406107 0.003799574501125214
5.195195195195195 0.08650627709670741 -1.4089116798256394 -0.014781799930546926 0.24074843202084897 0.003799574501125214
5.225225225225225 0.12108415108071062 -1.708420548736629 -0.017230609149911043 0.24311296297841328 0.003799574501125214
5.255255255255255 0.1615070577387872 -2.009715682893748 -0.019623659268010914 0.2441873212158297 0.003799574501125214
5.285285285285285 0.20768958984615143 -2.3111091421251864 -0.02192022774075803 0.24392189693599492 0.003799574501125214
5.315315315315314 0.25947875716552216 -2.6108569126636327 -0.02407832305258332 0.24227438451573696 0.003799574501125214
5.345345345345344 0.31665213210304677 -2.9071687374200215 -0.026055024018705197 0.23920998345041214 0.003799574501125214
5.375375375375374 0.3789165690392326 -3.1982186470393557 -0.027806863193394142 0.23470187277975038 0.003799574501125214
5.405405405405404 0.4459075099731112 -3.4821559219717373 -0.02929028021918692 0.22873201379273408 0.003799574501125214
5.435435435435435 0.5171889080201533 -3.757116494506162 -0.03046202083076251 0.22129121321911335 0.003799574501125214
5.465465465465465 0.5922538215982239 -4.02123493159631 -0.03127955185063418 0.21237925693247284 0.003799574501125214
5.495495495495495 0.6705256803018834 -4.272656731652387 -0.0317015569148184 0.2020054929066669 0.003799574501125214
5.525525525525525 0.7513602100764906 -4.5095507033632485 -0.03168841705628782 0.19018910172273162 0.003799574501125214
5.555555555555555 0.834048071813993 -4.730121666365912 -0.031202614641116715 0.17695882113870287 0.003799574501125214
5.5855855855855845 0.9178182157395466 -4.932623328457257 -0.030209204520214385 0.16235309388632935 0.003799574501125214
5.6156156156156145 1.0018419045196791 -5.115370992054871 -0.028676356189449914 0.14642050801386078 0.003799574501125214
5.645645645645645 1.085237415369921 -5.2767541470964145 -0.02657573707354032 0.12921931075067744 0.003799574501125214
5.675675675675675 1.1670754487975965 -5.415249061962561 -0.023882915666590246 0.11081711708842874 0.003799574501125214
5.7057057057057055 1.246385179079515 -5.529431028941809 -0.020577857172477215 0.0912910742750169 0.003799574501125214
5.7357357357357355 1.322160888586515 -5.617986060718999 -0.016645331393514796 0.0707275797915841 0.003799574501125214
5.7657657657657655 1.3933692237365276 -5.679722286484397 -0.012075197445716208 0.049221532152272034 0.003799574501125214
5.7957957957957955 1.4589570141784045 -5.713580838621383 -0.006862769536844495 0.026876040996773633 0.003799574501125214
5.8258258258258255 1.5178595530638792 -5.7186459156541956 -0.0010092155935255897 0.003802292919842203 0.003799574501125214
5.855855855855855 1.5690093254362387 -5.694154120373285 0.0054782711247699485 -0.01988141153269293 0.003799574501125214
5.885885885885885 1.6113451648986434 -5.6395031188626445 0.01258627032359049 -0.04405034519664923 0.003799574501125214
5.915915915915916 1.6438217175021563 -5.554259310289443 0.020294872478567046 -0.06857372865623436 0.003799574501125214
5.945945945945946 1.6654191313036 -5.438164408487611 0.02857756376975557 -0.09331554276809806 0.003799574501125214
5.975975975975976 1.6751529698886203 -5.291141115075165 0.03740122253436008 -0.11813556723645739 0.003799574501125214
6.006006006006006 1.6720842373945524 -5.113297680829174 0.04672605643468105 -0.14289007136030438 0.003799574501125214
6.036036036036036 1.655329397906802 -4.904931189580235 0.05650558639972795 -0.1674325445243804 0.003799574501125214
6.066066066066066 1.6240703537835182 -4.6665296759870865 0.0666868181658365 -0.19161486153789611 0.003799574501125214
6.096096096096095 1.5775643037097768 -4.3987730436782755 0.077210382909833 -0.21528818206470576 0.003799574501125214
6.126126126126126 1.515153350161159 -4.102532622885051 0.08801070856087943 -0.23830380139134547 0.003799574501125214
6.156156156156156 1.436273790999167 -3.778869418109779 0.09901633423152942 -0.2605142554753197 0.003799574501125214
6.186186186186186 1.3404650299521566 -3.429031090390504 0.11015024907874235 -0.2817743247794734 0.003799574501125214
6.216216216216216 1.2273779777397058 -3.054447557596382 0.12133024828550616 -0.3019419341552017 0.003799574501125214
6.246246246246246 1.096782875987942 -2.6567252728484707 0.13246943599165945 -0.32087927901136704 0.003799574501125214
6.276276276276276 0.9485764867274464 -2.237640260337906 0.14347673127181584 -0.3384537934553976 0.003799574501125214
6.306306306306306 0.7827885174703415 -1.799129811022445 0.1542573715311234 -0.35453897125173944 0.003799574501125214
6.336336336336336 0.5995872131979728 -1.3432829046336576 0.16471358626628865 -0.36901544883238147 0.003799574501125214
6.366366366366365 0.39928410719279767 -0.8723295515354675 0.17474531093806808 -0.3817720164101748 0.003799574501125214
6.396396396396395 0.18233778902197675 -0.3886289334057777 0.18425078257423305 -0.3927062266965058 0.003799574501125214
6.426426426426425 -0.05064339372110232 0.10534362628004477 0.1931272801181781 -0.40172521085950724 0.003799574501125214
6.456456456456455 -0.29889965655133055 0.6070105707712733 0.20127209212901645 -0.40874683140554696 0.003799574501125214
6.486486486486487 -0.5615192008279579 1.113706893908274 0.20858318516573995 -0.4137000674774867 0.003799574501125214
6.516516516516517 -0.8374388864381735 1.622695923412265 0.21495993759545484 -0.41652545646248995 0.003799574501125214
6.546546546546547 -1.1254460954176924 2.1311858041589287 0.22030419057611267 -0.4171760562004378 0.003799574501125214
6.576576576576576 -1.4241817156939167 2.6363464043428206 0.22452114223824654 -0.4156179646993572 0.003799574501125214
6.606606606606606 -1.7321444522143454 3.135326911648377 0.22751997948986075 -0.411830268382243 0.003799574501125214
6.636636636636636 -2.0476964441731265 3.625273928064898 0.22921479967850142 -0.4058054794037792 0.003799574501125214
6.666666666666666 -2.3690700059601797 4.103349617010536 0.22952577591457005 -0.3975503055307044 0.003799574501125214
6.696696696696696 -2.694375588920124 4.566749998199014 0.22837970129941268 -0.3870852322098821 0.003799574501125214
6.726726726726726 -3.0216110811758288 5.012723496928355 0.22571069548534636 -0.37444438624680776 0.003799574501125214
6.756756756756756 -3.3486722318317 5.438589292097584 0.2214613197380666 -0.3596760383689238 0.003799574501125214
6.786786786786786 -3.673364061474219 5.8417551952884 0.21558330308639656 -0.3428423809201656 0.003799574501125214
6.816816816816816 -3.9934134904413763 6.219735407546712 0.20803792851914138 -0.3240187556886731 0.003799574501125214
6.846846846846846 -4.306483029043758 6.570167849036906 0.19879681300215107 -0.30329352756505745 0.003799574501125214
6.876876876876876 -4.610185237712115 6.890830596154418 0.18784285662122283 -0.28076817675051485 0.003799574501125214
6.906906906906905 -4.902098060667938 7.179657610380743 0.17517037135792474 -0.2565561264316654 0.003799574501125214
6.936936936936935 -5.179781069687583 7.434753815914456 0.16078546230689017 -0.23078201826430125 0.003799574501125214
6.966966966966965 -5.440792285928371 7.654409052570352 0.1447067921403877 -0.20358155972844688 0.003799574501125214
6.996996996996997 -5.682705419567392 7.837110738591421 0.12696579072016875 -0.1751005706649027 0.003799574501125214
7.027027027027027 -5.903127715887713 7.981555575591687 0.1076065646330639 -0.1454936801732642 0.003799574501125214
7.057057057057057 -6.099718140357638 8.086659972689379 0.08668619950572787 -0.11492364132196349 0.003799574501125214
7.087087087087086 -6.270205589134292 8.15156885596232 0.06427507469262235 -0.0835606886617846 0.003799574501125214
7.117117117117116 -6.4124072101950995 8.175663090769868 0.0404564113387888 -0.051580939594988044 0.003799574501125214
7.147147147147146 -6.524246762392196 8.158565516403657 0.015326105051336506 -0.019165282480328318 0.003799574501125214
7.177177177177176 -6.603772662697757 8.100145255766463 -0.011007231378788698 0.013501399516014761 0.003799574501125214
7.207207207207206 -6.6491756023905415 8.00052029477526 -0.03842277171930771 0.04623162077586274 0.003799574501125214
7.237237237237236 -6.658805803116549 7.860058557906584 -0.06678811598541744 0.07883673411408683 0.003799574501125214
7.2672672672672665 -6.631189613549004 7.679377250393187 -0.09595968440976466 0.11112796652739097 0.003799574501125214
7.2972972972972965 -6.565045233751915 7.4593403761857155 -0.12578328979751754 0.14291757921367385 0.003799574501125214
7.3273273273273265 -6.459297597700238 7.201054634141628 -0.15609511259235 0.17402038176723839 0.003799574501125214
7.3573573573573565 -6.313092241027293 6.905863651953311 -0.18672246254900252 0.20425487508963436 0.003799574501125214
7.3873873873873865 -6.1258079239656364 6.5753404711609775 -0.21748463116076816 0.23344439049945942 0.003799574501125214
7.417417417417416 -5.897067986733144 6.211278438172835 -0.2481940425996431 0.26141843857834335 0.003799574501125214
7.4474474474474475 -5.6267503346268795 5.815680562376982 -0.27865729945949397 0.28801381679546384 0.003799574501125214
7.4774774774774775 -5.3149958380438145 5.390747291325948 -0.3086762687557558 0.3130756467918751 0.003799574501125214
7.5075075075075075 -4.9622151469066305 4.9388628858799715 -0.33804949748891605 0.33645863133910525 0.003799574501125214
7.5375375375375375 -4.569093857434524 4.46258050454935 -0.3665734148672703 0.35802796478146176 0.003799574501125214
7.5675675675675675 -4.136595808365264 3.9646059490673298 -0.39404351049278924 0.37766011432198915 0.003799574501125214
7.597597597597598 -3.6659645209159035 3.4477802669010846 -0.420255955231552 0.3952439204548018 0.003799574501125214
7.627627627627627 -3.15872287870743 2.915061467904209 -0.4450090539096104 0.41068140376127155 0.003799574501125214
7.657657657657657 -2.6166707604236077 2.369505241074848 -0.46810436194547156 0.42388815428205806 0.003799574501125214
7.687687687687687 -2.0418806066701674 1.8142448265213722 -0.4893482015838081 0.434794003229578 0.003799574501125214
7.717717717717717 -1.4366911855212388 1.2524704368992303 -0.5085535494335456 0.44334390902147774 0.003799574501125214
7.747747747747747 -0.803699379859094 0.68740820111678 -0.5255410153321521 0.449497925487883 0.003799574501125214
7.777777777777777 -0.14574980151289785 0.1222986046936345 -0.5401400714578803 0.45323133474437766 0.003799574501125214
7.807807807807807 0.534077451478387 -0.4396251598027508 -0.552191012957377 0.4545353143838044 0.003799574501125214
7.837837837837837 1.2324807033046796 -0.995158666937175 -0.561546186695462 0.4534168795317545 0.003799574501125214
7.867867867867867 1.9459526973070824 -1.5411478062018031 -0.5680707567252938 0.4498983976877362 0.003799574501125214
7.897897897897897 2.670798444265677 -2.0745100909750014 -0.5716441904849404 0.44401764728985266 0.003799574501125214
7.927927927927927 3.403154431383983 -2.5922552564781003 -0.5721620150542838 0.43582800045850123 0.003799574501125214
7.957957957957958 4.1390094730778575 -3.0915053120531817 -0.5695361286977736 0.4253974238831734 0.003799574501125214
7.987987987987988 4.874227292944027 -3.5695140395495897 -0.563695641260846 0.4128078943766657 0.003799574501125214
8.018018018018017 5.604570264383127 -4.023685445318851 -0.5545885573714475 0.3981553983927943 0.003799574501125214
8.048048048048047 6.325724088679633 -4.451590987062549 -0.5421822631009492 0.38154899611961196 0.003799574501125214
8.078078078078077 7.03332386555188 -4.8509858861709425 -0.5264635849542488 0.3631096006689612 0.003799574501125214
8.108108108108107 7.722981091612696 -5.219824161453671 -0.5074397291033428 0.34296939575984753 0.003799574501125214
8.138138138138137 8.390311000534759 -5.556271989891539 -0.4851392703959015 0.3212712543224396 0.003799574501125214
8.168168168168167 9.030960577151781 -5.858719656357814 -0.45961154028123097 0.2981670822644411 0.003799574501125214
8.198198198198197 9.640637183672315 -6.125792063144652 -0.4309267206672238 0.2738167026688884 0.003799574501125214
8.228228228228227 10.21513711988887 -6.3563573896978065 -0.39917664374644085 0.24838721002895955 0.003799574501125214
8.258258258258257 10.750373948162382 -6.549533870066393 -0.36447423533072976 0.22205147100703504 0.003799574501125214
8.288288288288287 11.242406939515485 -6.704694980273545 -0.3269527251103665 0.19498656352041857 0.003799574501125214
8.318318318318317 11.687469070429936 -6.821472744293101 -0.2867656455039852 0.16737276676558452 0.003799574501125214
8.348348348348347 12.081994074992508 -6.899758963077224 -0.24408662048503452 0.13939245765272318 0.003799574501125214
8.378378378378377 12.42264284590746 -6.939704654732306 -0.19910789061146544 0.11122834105510197 0.003799574501125214
8.408408408408409 12.706328980915577 -6.941717685831239 -0.15203952660909703 0.08306218675692814 0.003799574501125214
8.438438438438439 12.93024290639676 -6.906458392818946 -0.10310897078143408 0.055073815842706625 0.003799574501125214
8.468468468468469 13.091874526959671 -6.834833310961293 -0.05255949990387962 0.027439571011068083 0.003799574501125214
8.498498498498497 13.189034541216088 -6.727987223143087 -0.0006487383770042339 0.0003309342695257376 0.003799574501125214
8.528528528528527 13.21987393167951 -6.587293405295515 0.05235239846268245 -0.02608652782370509 0.003799574501125214
8.558558558558557 13.18290140404645 -6.414342115263271 0.10616116269905386 -0.05165433587304542 0.003799574501125214
8.588588588588587 13.076998927091553 -6.210927564219246 0.16048491432250966 -0.07622239502842325 0.003799574501125214
8.618618618618617 12.90143509570002 -5.97903338992974 0.21502262452456475 -0.09964995693007757 0.003799574501125214
8.648648648648647 12.655876068461916 -5.720816683420738 0.269466578264441 -0.12180657334351273 0.003799574501125214
8.678678678678677 12.340394168274837 -5.438590785262673 0.32350444620580654 -0.14257310391669323 0.003799574501125214
8.708708708708707 11.955474007443529 -5.134806955834746 0.3768210455202597 -0.16184246015153156 0.003799574501125214
8.738738738738737 11.502015910155073 -4.812034993573909 0.429100219754257 -0.17952029360215868 0.003799574501125214
8.768768768768767 10.981336784533521 -4.4729430443630305 0.48002715193316114 -0.19552574995868663 0.003799574501125214
8.798798798798797 10.395168370815407 -4.120276737001138 0.5292901457402754 -0.20979187607391617 0.003799574501125214
8.828828828828827 9.745652618927858 -3.7568377147784804 0.5765824150567675 -0.22226593202761052 0.003799574501125214
8.858858858858857 9.035334393176196 -3.3854618168135002 0.6216045944217077 -0.23290987671246177 0.003799574501125214
8.888888888888888 8.267151698025307 -3.0089971402445093 0.6640666476338221 -0.24170049330765433 0.003799574501125214
8.91891891891892 7.4444230263072715 -2.6302819851038755 0.70368933398067 -0.2486292586730151 0.003799574501125214
8.94894894894895 6.570831987196945 -2.2521229054760394 0.7402063807166984 -0.25370238472688994 0.003799574501125214
8.97897897897898 5.650409730337783 -1.8772731936752016 0.7733669266476431 -0.25694083607345874 0.003799574501125214
9.00900900900901 4.687514841715678 -1.5084118082763291 0.8029364993452233 -0.25837974658339374 0.003799574501125214
9.039039039039038 3.6868105986326585 -1.1481228488065873 0.8286985229731755 -0.2580679651269963 0.003799574501125214
9.069069069069068 2.6532402162168687 -0.7988759123448076 0.8504568959105512 -0.2560678541195991 0.003799574501125214
9.099099099099098 1.5920003068824335 -0.46300749475434877 0.868037025943931 -0.25245450456184826 0.003799574501125214
9.129129129129128 0.5085119935390631 -0.14270336238822803 0.881286478753349 -0.24731480347222864 0.003799574501125214
9.159159159159158 -0.5916097817757774 0.16001783594037472 0.8900767734224841 -0.24074679542374106 0.003799574501125214
9.189189189189188 -1.702588010436184 0.44331943803991264 0.8943051398302352 -0.23285894743507332 0.003799574501125214
9.219219219219218 -2.8185169555279614 0.7055602158476257 0.8938942618712556 -0.2237688253440703 0.003799574501125214
9.249249249249248 -3.9333969946405074 0.9453063088876328 0.8887929873403814 -0.21360203899396552 0.003799574501125214
9.279279279279278 -5.041170059437286 1.1613413656661937 0.8789781615953604 -0.20249142293205255 0.003799574501125214
9.309309309309308 -6.13575551438999 1.3526748505031556 0.8644543330005242 -0.1905756565619193 0.003799574501125214
9.339339339339338 -7.211087041896678 1.5185486353891753 0.8452532948448951 -0.17799788436714184 0.003799574501125214
9.36936936936937 -8.261149741083662 1.6584416756986917 0.82143491434306 -0.16490463658413423 0.003799574501125214
9.3993993993994 -9.280016691576273 1.7720726366250263 0.793087583313373 -0.1514446419166926 0.003799574501125214
9.42942942942943 -10.261885583247809 1.8594006369145402 0.7603266862856368 -0.13776726638333783 0.003799574501125214
9.45945945945946 -11.201115148631555 1.9206240775581702 0.7232942306332361 -0.12402125110577242 0.003799574501125214
9.48948948948949 -12.092260479317467 1.9561774342676692 0.6821593282323802 -0.11035361723689022 0.003799574501125214
9.51951951951952 -12.930107199143222 1.9667260958220532 0.6371165578458703 -0.0969082267530483 0.003799574501125214
9.549549549549548 -13.709704911538575 1.9531593918002201 0.5883844635412057 -0.08382446218719304 0.003799574501125214
9.579579579579578 -14.426399109362976 1.9165817540499455 0.5362051114829551 -0.07123613628778414 0.003799574501125214
9.609609609609608 -15.075861026955282 1.8583020511318618 0.48084304073892686 -0.059270353267384196 0.003799574501125214
9.639639639639638 -15.654115946195436 1.779821288481637 0.42258284875964996 -0.04804627440826104 0.003799574501125214
9.669669669669668 -16.157569596447914 1.6828187334285662 0.3617278039976199 -0.03767412675127781 0.003799574501125214
9.699699699699698 -16.58303200434606 1.5691365216668465 0.2985987861604811 -0.02825431806240287 0.003799574501125214
9.729729729729728 -16.92773890988093 1.4407629124320447 0.2335317705730764 -0.019876482955433553 0.003799574501125214
9.759759759759758 -17.18937090345394 1.2998143505921746 0.16687569743567215 -0.01261869486150771 0.003799574501125214
9.789789789789788 -17.366069710821602 1.1485164313093414 0.09899084964027018 -0.006546824886363065 0.003799574501125214
9.819819819819818 -17.45645150010897 0.9891839293632664 0.030246622211720663 -0.0017139492874121253 0.003799574501125214
9.849849849849848 -17.459617476081345 0.8242000810084269 -0.03898105771138852 0.0018401428878687819 0.003799574501125214
9.87987987987988 -17.37516143556847 0.6559952619923494 -0.10831173573002215 0.004089284909411684 0.003799574501125214
9.90990990990991 -17.203174125697185 0.487025233301412 -0.1773627247787755 0.005021173522002967 0.003799574501125214
9.93993993993994 -16.944244617522962 0.3197491439881557 -0.24575169592385618 0.004637497638816418 0.003799574501125214
9.96996996996997 -16.599458554584448 0.15660746023637423 -0.3130987966985795 0.002953928117160621 0.003799574501125214
10.0 -16.170393137402524 9.161399131021395e-15 -0.3790289781778788 2.1474034192025394e-16 0.003799574501125214
10.03003003003003 -15.659109152982529 -0.1477357412561682 -0.4431746761949435 -0.004181127971839443 0.003799574501125214
10.06006006006006 -15.068139971266223 -0.28434580390342873 -0.5051777452347077 -0.009533039403456877 0.003799574501125214
10.090090090090088 -14.400477344972936 -0.4076803377878233 -0.5646914671054009 -0.015986526178300375 0.003799574501125214
10.120120120120118 -13.659554402772581 -0.515713364872815 -0.6213833712002242 -0.02346018763047174 0.003799574501125214
10.150150150150148 -12.849226054078274 -0.6065615795520597 -0.6749370312168161 -0.031861130781733846 0.003799574501125214
10.180180180180178 -11.973746425618724 -0.6785020161983506 -0.7250535101120207 -0.04108574300605973 0.003799574501125214
10.210210210210208 -11.037743688099171 -0.7299884315483892 -0.771453686236371 -0.05102059644989755 0.003799574501125214
10.240240240240238 -10.04619291720744 -0.7596662958723901 -0.8138804935347363 -0.06154347073579688 0.003799574501125214
10.270270270270268 -9.004386567887133 -0.7663862424437721 -0.8520995758817711 -0.07252436212333747 0.003799574501125214
10.300300300300298 -7.91790263701263 -0.7492158369761611 -0.8859006736458019 -0.08382659463134111 0.003799574501125214
10.33033033033033 -6.792571342133166 -0.707449609575227 -0.9151000924721514 -0.09530811978757511 0.003799574501125214
10.36036036036036 -5.634440443206768 -0.6406172717750006 -0.9395410760491604 -0.10682271769947148 0.003799574501125214
10.39039039039039 -4.44973871013508 -0.5484899706398271 -0.9590941177046054 -0.11822121223937225 0.003799574501125214
10.42042042042042 -3.2448382960515887 -0.4310845572696463 -0.9736585787471033 -0.12935287957545571 0.003799574501125214
10.45045045045045 -2.026216790443544 -0.2886659034321953 -0.9831637477124185 -0.14006687378849642 0.003799574501125214
10.48048048048048 -0.8004182906165506 -0.12174713755143134 -0.9875679785765968 -0.1502134270776593 0.003799574501125214
10.51051051051051 0.4259862031576794 0.0689122269034554 -0.9868590258883472 -0.1596452012051855 0.003799574501125214
10.54054054054054 1.6464380526616988 0.2823101561040874 -0.9810554111875208 -0.1682188442081746 0.003799574501125214
10.57057057057057 2.85442993507295 0.517207953279748 -0.9702052089760188 -0.1757961700969243 0.003799574501125214
10.6006006006006 4.043544953786206 0.772138198207337 -0.9543851217276308 -0.18224533588940178 0.003799574501125214
10.630630630630629 5.207494971329525 1.0454146162603442 -0.9337009152224736 -0.187442251862612 0.003799574501125214
10.660660660660659 6.3401575007938185 1.3351437120429634 -0.908286967945227 -0.19127184676891754 0.003799574501125214
10.690690690690689 7.435611881183132 1.6392382594433899 -0.8783041393693247 -0.1936289537011993 0.003799574501125214
10.720720720720719 8.488174295143573 1.9554325308825258 -0.8439389639553789 -0.19441939418489876 0.003799574501125214
10.750750750750749 9.492430730315464 2.2812990065006424 -0.8054035398638875 -0.19356120129017004 0.003799574501125214
10.780780780780779 10.443268070622539 2.6142665062246495 -0.7629330967350766 -0.19098527662000978 0.003799574501125214
10.810810810810809 11.335903637479657 2.9516397387026134 -0.7167841235594378 -0.18663606985631961 0.003799574501125214
10.84084084084084 12.165912352793242 3.290619977734029 -0.6672335307602976 -0.1804724481374177 0.003799574501125214
10.87087087087087 12.929251164827328 3.628326642881895 -0.6145768822742163 -0.17246827736791123 0.003799574501125214
10.9009009009009 13.622281329557534 3.961819808683702 -0.5591256443297917 -0.16261263437882303 0.003799574501125214
10.93093093093093 14.241788117299617 4.288123407028587 -0.5012055150750482 -0.15091020054668872 0.003799574501125214
10.96096096096096 14.784997425061167 4.604248824052645 -0.44115495166192964 -0.13738163822548233 0.003799574501125214
10.99099099099099 15.249589578389633 4.9072188074376974 -0.3793222959578454 -0.12206344932998218 0.003799574501125214
11.02102102102102 15.633710431750536 5.194091563595531 -0.31606354061263253 -0.10500789157013882 0.003799574501125214
11.05105105105105 15.93597929197273 5.4619847310924445 -0.25174053344316455 -0.08628292774930049 0.003799574501125214
11.08108108108108 16.155493696194917 5.708099053398242 -0.18671852808019565 -0.06597185288354923 0.003799574501125214
11.11111111111111 16.29183134790573 5.929741672322698 -0.12136365229435296 -0.0441727569569775 0.003799574501125214
11.141141141141139 16.345048940020185 6.124348770331895 -0.05604091834966541 -0.0209980484391636 0.003799574501125214
11.171171171171169 16.315677858590245 6.2895073647793405 0.008888060960849806 0.0034262459308388653 0.003799574501125214
11.201201201201199 16.20471704625554 6.422976164852146 0.07306747243625446 0.028961359371128186 0.003799574501125214
11.231231231231229 16.013622932531455 6.522705269544408 0.1361492123667603 0.05545660645879854 0.003799574501125214
11.261261261261259 15.744296436136366 6.586854512433681 0.19779503575355112 0.08275041879927769 0.003799574501125214
11.29129129129129 15.399067416465119 6.6138104130545585 0.2576788429606275 0.1106715730703684 0.003799574501125214
11.32132132132132 14.980676519814471 6.602201531545861 0.3154882407214757 0.13904024583409347 0.003799574501125214
11.35135135135135 14.492254402409056 6.550912028309318 0.37092622491975336 0.16766922529584186 0.003799574501125214
11.381381381381381 13.937298805054558 6.459093449892477 0.423713496053876 0.19636553002652793 0.003799574501125214
11.411411411411411 13.319649649224544 6.326174653171066 0.47358964208518384 0.2249316512569136 0.003799574501125214
11.441441441441441 12.643461925585331 6.151869594284933 0.5203141633754355 0.2531668066851048 0.003799574501125214
11.471471471471471 11.913176833215086 5.936183022252696 0.5636682944153689 0.2808686722555456 0.003799574501125214
11.501501501501501 11.133491741419475 5.679414209672129 0.6034563779141968 0.30783502671428753 0.003799574501125214
11.531531531531531 10.309328597453955 5.382158404163041 0.6395060328008724 0.33386488134661024 0.003799574501125214
11.561561561561561 9.445801021170677 5.045305970801853 0.6716690323945766 0.3587600217226542 0.003799574501125214
11.591591591591591 8.548180864340988 4.670039503683944 0.6998229190669578 0.3823270388743773 0.003799574501125214
11.621621621621621 7.621864227888465 4.257828814376679 0.7238706458097749 0.40437840421413196 0.003799574501125214
11.651651651651651 6.672336663423622 3.8104235453495985 0.7437404576181477 0.4247336869064918 0.003799574501125214
11.68168168168168 5.705138303284275 3.329843715842625 0.7593868567917875 0.4432214292729689 0.003799574501125214
11.71171171171171 4.725829487744048 2.818368469899176 0.7707906661702826 0.45968059492216745 0.003799574501125214
11.74174174174174 3.7399563138630807 2.278522651242463 0.7779578338349065 0.4739612972306095 0.003799574501125214
11.77177177177177 2.753016522584141 1.7130613825258363 0.7809192954682922 0.4859261384600456 0.003799574501125214
11.801801801801801 1.7704265476666885 1.1249531216095396 0.7797314485085325 0.4954519735217739 0.003799574501125214
11.831831831831831 0.7974895383121955 0.5173610928686977 0.7744744403067736 0.5024303437058116 0.003799574501125214
11.861861861861861 -0.16063588033518933 -0.10637706306966384 0.7652510197795525 0.5067682003880498 0.003799574501125214
11.891891891891891 -1.0989653224766507 -0.7427709164137646 0.7521864353928261 0.508389297190588 0.003799574501125214
11.921921921921921 -2.012716442045277 -1.388199838350498 0.7354272606222234 0.5072348906122535 0.003799574501125214
11.951951951951951 -2.8973354249421654 -2.038936900085647 0.7151392847993314 0.503263745000226 0.003799574501125214
11.981981981981981 -3.748521721623226 -2.6911737352296408 0.6915064887375117 0.49645279884503585 0.003799574501125214
12.012012012012011 -4.56225039695117 -3.3410458448321023 0.6647303591934894 0.4867980516811009 0.003799574501125214
12.042042042042041 -5.334792408249802 -3.984658449341749 0.635027435593757 0.47431413317779514 0.003799574501125214
12.072072072072071 -6.0627329610888765 -4.618112901980253 0.6026275609571322 0.4590342560370978 0.003799574501125214
12.102102102102101 -6.742987349730646 -5.237533116872476 0.5677728668880018 0.4410106439405267 0.003799574501125214
12.132132132132131 -7.372814165046841 -5.839091768119381 0.5307158505726619 0.420314209054748 0.003799574501125214
12.162162162162161 -7.949826350006065 -6.419036477927148 0.4917170511364046 0.3970337903117773 0.003799574501125214
12.19219219219219 -8.471999762183035 -6.97371558935642 0.45104354304220634 0.37127590603018135 0.003799574501125214
12.22222222222222 -8.937678977541061 -7.499603133635627 0.40896746307737286 0.34316444743173113 0.003799574501125214
12.252252252252251 -9.345580669936009 -7.993323072911619 0.36576362276922947 0.3128395022599535 0.003799574501125214
12.282282282282281 -9.694794622289683 -8.451672689717316 0.3217077434889233 0.2804565393747104 0.003799574501125214
12.312312312312311 -9.984782120435316 -8.871644721423715 0.2770749660088665 0.24618570840923343 0.003799574501125214
12.342342342342342 -10.21537187955664 -9.250448155051608 0.23213788400109606 0.21021060085663 0.003799574501125214
12.372372372372372 -10.386753753834558 -9.585527698081082 0.18716471318054295 0.1727269736834922 0.003799574501125214
12.402402402402402 -10.499470098804343 -9.874581604115303 0.1424178275745137 0.13394166058204277 0.003799574501125214
12.432432432432432 -10.554404903950347 -10.115577738208652 0.09815209682290212 0.09407116503637594 0.003799574501125214
12.462462462462462 -10.55277095012033 -10.306767901989085 0.05461328505125609 0.05334015644318028 0.003799574501125214
12.492492492492492 -10.49609497823567 -10.446700193359144 0.012036809495719863 0.011980164084557557 0.003799574501125214
12.522522522522522 -10.386200989632394 -10.534229293514283 -0.02935367900176518 -0.0297720394128204 0.003799574501125214
12.552552552552552 -10.225192002083762 -10.56852478545849 -0.06934764915918346 -0.07167614542619385 0.003799574501125214
12.582582582582582 -10.015430257402594 -10.549077295154387 -0.10774853942608918 -0.11348964963394227 0.003799574501125214
12.612612612612612 -9.759515980565014 -10.475702340403855 -0.14437471868992793 -0.15496942486564444 0.003799574501125214
12.642642642642642 -9.460265093484914 -10.348542101502547 -0.17906074803565264 -0.19587375950486052 0.003799574501125214
12.672672672672672 -9.120685986497426 -10.16806504053968 -0.21165779229755696 -0.23596363273603702 0.003799574501125214
12.702702702702702 -8.743955300580646 -9.935063125819264 -0.24203401635665572 -0.2750040626281869 0.003799574501125214
12.73273273273273 -8.333393115661307 -9.650646903571538 -0.27007547700921275 -0.31276612416510613 0.003799574501125214
12.76276276276276 -7.892437907317777 -9.316238669571174 -0.29568648013543397 -0.349028507117301 0.003799574501125214
12.79279279279279 -7.424621060548195 -8.933563351007823 -0.3187893178742007 -0.3835784403848708 0.003799574501125214
12.82282282282282 -6.933541211715716 -8.504637246067263 -0.3393244804210343 -0.41621323456113796 0.003799574501125214
12.85285285285285 -6.4228389347612955 -8.031755106599416 -0.3572511424074041 -0.4467422765095046 0.003799574501125214
12.88288288288288 -5.896171704981531 -7.5174753887459955 -0.372546402886705 -0.47498759449296396 0.003799574501125214
12.91291291291291 -5.357189088970653 -6.964603490646235 -0.38520481848747823 -0.50078479196767 0.003799574501125214
12.94294294294294 -4.809508663712728 -6.3761735057594 -0.3952385501449244 -0.523984828409356 0.003799574501125214
12.972972972972974 -4.256692939653016 -5.755428799995079 -0.40267672393709864 -0.544454873041456 0.003799574501125214
13.003003003003004 -3.7022269625272033 -5.105800942068442 -0.4075642845022608 -0.5620784810946888 0.003799574501125214
13.033033033033034 -3.149496925836579 -4.43088736221667 -0.4099614894555559 -0.5767566139603844 0.003799574501125214
13.063063063063064 -2.6017702437681143 -3.7344283450872426 -0.40994357202892356 -0.5884089492290963 0.003799574501125214
13.093093093093094 -2.062176884044798 -3.020283106590099 -0.40759919850539567 -0.5969735103862059 0.003799574501125214
13.123123123123122 -1.5336919167525966 -2.2924048904981205 -0.4030293996673294 -0.6024068828426544 0.003799574501125214
13.153153153153152 -1.019119715762689 -1.5548157384264476 -0.3963470442922545 -0.6046852129469548 0.003799574501125214
13.183183183183182 -0.5210799263404302 -0.8115811888197912 -0.3876755458287455 -0.6038040700775368 0.003799574501125214
13.213213213213212 -0.04199486268584167 -0.06678447961185292 -0.3771473079664994 -0.5997778082519066 0.003799574501125214
13.243243243243242 0.41592138844138804 0.6754992584909922 -0.3649027717155303 -0.5926397597364347 0.003799574501125214
13.273273273273272 0.8506718989899335 1.4112282824247948 -0.3510895105777444 -0.5824424758573755 0.003799574501125214
13.303303303303302 1.2604841282669137 2.136419255787527 -0.3358604934169358 -0.5692565335041642 0.003799574501125214
13.333333333333332 1.6438154892743055 2.8471719456917866 -0.3193728386080985 -0.553169983026721 0.003799574501125214
13.363363363363362 1.9993570029577135 3.5396930225385193 -0.3017869163468826 -0.5342882939396038 0.003799574501125214
13.393393393393392 2.326035092804368 4.210318841817702 -0.2832649260155587 -0.5127333026568878 0.003799574501125214
13.423423423423422 2.6230117866151588 4.855537475301992 -0.2639694716597707 -0.48864197580814506 0.003799574501125214
13.453453453453452 2.889683184773562 5.472009549795941 -0.24406255134951868 -0.4621657553219906 0.003799574501125214
13.483483483483482 3.1256761632952723 6.056587591315025 -0.22370451335670147 -0.43346972268840656 0.003799574501125214
13.513513513513512 3.330843556773056 6.60633407769198 -0.20305269035315204 -0.40273098540438695 0.003799574501125214
13.543543543543542 3.5052578674490147 7.118538051766942 -0.1822604031145213 -0.37013756589763175 0.003799574501125214
13.573573573573572 3.6492034716835406 7.590729974730934 -0.16147608647887035 -0.33588737360044374 0.003799574501125214
13.603603603603602 3.7631674886946556 8.020694860912394 -0.1408422359353199 -0.3001866383464314 0.003799574501125214
13.633633633633632 3.8478294684101444 8.406483739515375 -0.12049452857047842 -0.26324848942612433 0.003799574501125214
13.663663663663662 3.9040499118150898 8.746423189058532 -0.1005611142334545 -0.2252917051053084 0.003799574501125214
13.693693693693692 3.9328577712683135 9.039122957074005 -0.08116185112250808 -0.18653915152479444 0.003799574501125214
13.723723723723722 3.9354370983378386 9.28348173972645 -0.06240766855139855 -0.1472162905768476 0.003799574501125214
13.753753753753752 3.913112895215838 9.478690953179528 -0.04440010519985725 -0.10754989358795203 0.003799574501125214
13.78378378378378 3.8673363132142633 9.62423651926252 -0.027230789057634288 -0.06776642455463074 0.003799574501125214
13.81381381381381 3.799669393670927 9.719898835829992 -0.010981050229180868 -0.02809052216926892 0.003799574501125214
13.84384384384384 3.711769397766526 9.765750758800676 0.004278239092106954 0.011256145569068624 0.003799574501125214
13.87387387387387 3.605372851974556 9.76215360730082 0.01848686602177328 0.05005630020298789 0.003799574501125214
13.9039039039039 3.4822795364264474 9.709751494353702 0.031595510959607574 0.08809877453713666 0.003799574501125214
13.93393393393393 3.3443364805832436 9.609463898389802 0.04356559742071885 0.12517940047502982 0.003799574501125214
13.963963963963964 3.1934220240707307 9.462476354956177 0.05436915511043308 0.16110205315601062 0.003799574501125214
13.993993993993994 3.03143015984183 9.270229608807217 0.06398883642532477 0.1956803141702985 0.003799574501125214
14.024024024024024 2.8602553101366857 9.034407450014841 0.07241762149010701 0.22873842652574686 0.003799574501125214
14.054054054054054 2.6817774983755265 8.756922908489225 0.07965834920062521 0.2601118188924823 0.003799574501125214
14.084084084084084 2.497848081675014 8.43990307197888 0.08572341489410874 0.2896482448284619 0.003799574501125214
14.114114114114114 2.310276246930263 8.085673004031383 0.09063446454283723 0.3172090974672865 0.003799574501125214
14.144144144144144 2.1208162411303904 7.696738535718726 0.09442166966142526 0.342669435190031 0.003799574501125214
14.174174174174173 1.9311553778344037 7.275767900695589 0.09712314107121399 0.3659184757122443 0.003799574501125214
14.204204204204203 1.742903008742108 6.825572746522827 0.09878450816861722 0.38686079681565555 0.003799574501125214
14.234234234234233 1.557580523343591 6.349088712972321 0.0994581718507416 0.4054164435459543 0.003799574501125214
14.264264264264263 1.376612292880902 5.849355202669241 0.09920248833921058 0.4215207101415143 0.003799574501125214
14.294294294294293 1.2013176864010917 5.329494767988566 0.09808114965495107 0.43512468004224514 0.003799574501125214
14.324324324324323 1.0329042685240153 4.7926926035369215 0.0961625418828306 0.44619575817779294 0.003799574501125214
14.354354354354353 0.8724620884754651 4.24217583944801 0.0935188101678453 0.454716877980555 0.003799574501125214
14.384384384384383 0.7209590681295307 3.681192698100258 0.09022510445566273 0.46068634183244045 0.003799574501125214
14.414414414414413 0.5792375843651653 3.1129920635282073 0.08635895228085387 0.4641182484032829 0.003799574501125214
14.444444444444443 0.44801221996464263 2.540803558052035 0.08199941328990709 0.46504178181036654 0.003799574501125214
14.474474474474473 0.32786858361697935 1.9678178083320879 0.07722626155404551 0.46350037896431284 0.003799574501125214
14.504504504504503 0.21926324572589212 1.397167342543687 0.07211932765930278 0.4595515725319153 0.003799574501125214
14.534534534534533 0.1225247915667989 0.8319084721233028 0.06675782955943607 0.45326666775662783 0.003799574501125214
14.564564564564563 0.03785587893760942 0.2750038621574176 0.06121959057764199 0.44472944020912386 0.003799574501125214
14.594594594594593 -0.03466373409647308 -0.2706940884870164 0.05558041240740069 0.4340354398196412 0.003799574501125214
14.624624624624623 -0.09507320003778043 -0.8024586572329241 0.04991352709930481 0.42129161443972357 0.003799574501125214
14.654654654654653 -0.14352571460005756 -1.3177030191774153 0.04428897892868837 0.4066150892419538 0.003799574501125214
14.684684684684683 -0.18028286711578803 -1.8139934651521807 0.038773084231028286 0.3901320327555461 0.003799574501125214
14.714714714714713 -0.20570824307512867 -2.289061293508278 0.03342799176370846 0.371976936471488 0.003799574501125214
14.744744744744743 -0.22026035173526906 -2.740813246180193 0.028311262921673342 0.3522916576700783 0.003799574501125214
14.774774774774773 -0.22448498370463696 -3.167340693400606 0.023475474921665643 0.33122405690230194 0.003799574501125214
14.804804804804803 -0.21900706632268813 -3.566927442287591 0.018967923079784982 0.3089270428233495 0.003799574501125214
14.834834834834831 -0.20452209168864777 -3.9380560196451655 0.014830373569987418 0.2855576208353302 0.003799574501125214
14.864864864864861 -0.1817872135759003 -4.279412539590528 0.011098851939815487 0.2612756157708207 0.003799574501125214
14.894894894894895 -0.1516120974859988 -4.589890182676969 0.007803506575982099 0.23624261399630786 0.003799574501125214
14.924924924924925 -0.11484960203151705 -4.868591168538998 0.00496852874897327 0.21062097525810522 0.003799574501125214
14.954954954954955 -0.07238638136770863 -5.114827322000489 0.0026121206269608694 0.18457264610689061 0.003799574501125214
14.984984984984985 -0.025133490369223226 -5.328119294407369 0.0007465260741384304 0.15825816155904204 0.003799574501125214
15.015015015015015 0.025982929871688102 -5.508194363013592 -0.0006218878706448196 0.13183575833935657 0.003799574501125214
15.045045045045045 0.08003080543587728 -5.6549829195875265 -0.0014925008977046664 0.10546022919576058 0.003799574501125214
15.075075075075075 0.1360810500238657 -5.768613792583336 -0.0018702551407771334 0.07928201317409544 0.003799574501125214
15.105105105105105 0.19321618279914007 -5.849408294387751 -0.0017654321269189805 0.05344652387172847 0.003799574501125214
15.135135135135135 0.25053857405347985 -5.897873092201686 -0.0011933859423614833 0.028093234204179363 0.003799574501125214
15.165165165165165 0.3071782643394035 -5.914692163561107 -0.00017422481707844375 0.003354684493995145 0.003799574501125214
15.195195195195195 0.3623003004060594 -5.9007177511037305 0.0012675217500635002 -0.02064389149588647 0.003799574501125214
15.225225225225223 0.41511152984513305 -5.856960314584959 0.0031032665272458944 -0.043785121801940684 0.003799574501125214
15.255255255255253 0.46486681939475516 -5.78457777929174 0.005300788762064575 -0.06596045062041712 0.003799574501125214
15.285285285285283 0.5108746671746923 -5.684864198837343 0.007824650770084436 -0.08707043016491464 0.003799574501125214
15.315315315315313 0.5525021567634426 -5.559237646291144 0.010636613953724098 -0.10702485772544451 0.003799574501125214
15.345345345345343 0.5891792338162005 -5.409227589631812 0.01369610903355746 -0.12574335041488593 0.003799574501125214
15.375375375375373 0.620402310951019 -5.236462064936569 0.016960730056327873 -0.14315584898039216 0.003799574501125214
15.405405405405403 0.645737164540706 -5.042654454683337 0.02038665708833608 -0.15920233932287337 0.003799574501125214
15.435435435435434 0.6648211069988632 -4.829589939511931 0.023929116178471054 -0.17383295677637625 0.003799574501125214
15.465465465465464 0.6773644659149439 -4.599111989533214 0.027542904974763263 -0.18700848785285104 0.003799574501125214
15.495495495495494 0.6831513788088797 -4.3531089459411145 0.03118281764994456 -0.19870003440277004 0.003799574501125214
15.525525525525524 0.6820398739509411 -4.0935004968976845 0.03480404936911 -0.20888865714140223 0.003799574501125214
15.555555555555554 0.673961280924246 -3.8222243596319685 0.03836266657493855 -0.21756549349850662 0.003799574501125214
15.585585585585584 0.6589190278670392 -3.5412234282171466 0.04181605372514652 -0.2247316936747443 0.003799574501125214
15.615615615615614 0.6369868052499555 -3.2524331545699807 0.04512322652043594 -0.23039767349442675 0.003799574501125214
15.645645645645644 0.6083061267793091 -2.957769269402449 0.048245197164998664 -0.23458281166164469 0.003799574501125214
15.675675675675674 0.573083369424457 -2.659116153886598 0.05114538761537587 -0.23731543028621252 0.003799574501125214
15.705705705705704 0.5315863225411603 -2.3583158366749553 0.05378987978835217 -0.2386320339306526 0.003799574501125214
15.735735735735734 0.48414024394355565 -2.0571574650160502 0.05614765020102261 -0.23857665046248436 0.003799574501125214
15.765765765765764 0.43112351008006056 -1.757367513732406 0.058190861936234364 -0.23720054223866263 0.003799574501125214
15.795795795795794 0.3729629356206069 -1.460600868818543 0.059895090525779064 -0.23456170279855712 0.003799574501125214
15.825825825825824 0.3101287586892637 -1.168432583650663 0.061239417646427784 -0.23072394602904894 0.003799574501125214
15.855855855855854 0.24312935539129477 -0.8823504094853813 0.06220657777167843 -0.22575636447185654 0.003799574501125214
15.885885885885886 0.17250577572503675 -0.6037482728192234 0.0627831112919526 -0.21973290369797205 0.003799574501125214
15.915915915915916 0.09882613249842241 -0.33392061966631154 0.06295936590897333 -0.21273149061517738 0.003799574501125214
15.945945945945946 0.022679869258637537 -0.0740575483211446 0.06272950126470332 -0.20483332677514496 0.003799574501125214
15.975975975975976 -0.05532800225465971 0.17475912517056064 0.062091514101466426 -0.19612236557798232 0.003799574501125214
16.006006006006004 -0.1345826395403881 0.41155886961414695 0.06104718320176388 -0.18668462587335305 0.003799574501125214
16.036036036036034 -0.21446506585921796 0.6354846303934752 0.05960194940969317 -0.17660742386926842 0.003799574501125214
16.066066066066064 -0.2943577561917939 0.8457941501277343 0.05776482325332144 -0.16597880831442424 0.003799574501125214
16.096096096096094 -0.3736500543739888 1.0418604066307515 0.055548247101394686 -0.15488695541512904 0.003799574501125214
16.126126126126124 -0.4517434006609446 1.2231712639433054 0.05296789439691354 -0.14341948602480062 0.003799574501125214
16.156156156156154 -0.528056321842235 1.3893283426560255 0.05004248717447616 -0.131662936116258 0.003799574501125214
16.186186186186184 -0.6020291309604019 1.5400451046885413 0.04679357801758323 -0.1197022154756501 0.003799574501125214
16.216216216216214 -0.6731283258743603 1.6751442572745192 0.04324527627034366 -0.10762000856882314 0.003799574501125214
16.246246246246244 -0.7408506495007509 1.7945544984570747 0.0394240111377503 -0.09549635487550438 0.003799574501125214
16.276276276276274 -0.8047267644406381 1.8983066013961019 0.03535827450694685 -0.08340824348891653 0.003799574501125214
16.306306306306304 -0.8643245443288853 1.9865289530890557 0.03107827659701322 -0.07142906756166906 0.003799574501125214
16.336336336336334 -0.9192519740625464 2.059442620904005 0.02661566974016238 -0.059628313230106686 0.003799574501125214
16.366366366366364 -0.9691596020629079 2.1173559022363184 0.022003288740155006 -0.04807133230007771 0.003799574501125214
16.396396396396394 -1.013742552400498 2.160658462519651 0.017274801426151853 -0.03681895941072781 0.003799574501125214
16.426426426426424 -1.052742133258115 2.18981520997456 0.012464357720857128 -0.025927185069740705 0.003799574501125214
16.456456456456454 -1.0859469870162528 2.2053598455804115 0.007606365717424069 -0.015447138510966211 0.003799574501125214
16.486486486486484 -1.113193774765366 2.2078881352301525 0.0027351946876587323 -0.005424935025080547 0.003799574501125214
16.516516516516514 -1.1343674570943678 2.1980510794138652 -0.002115223409129718 0.0040986446398490715 0.003799574501125214
16.546546546546544 -1.1494011703523532 2.1765480083961455 -0.006911606769464458 0.013088070846738012 0.003799574501125214
16.576576576576574 -1.1582756481518708 2.144119536568547 -0.01162153961553743 0.021512988013205583 0.003799574501125214
16.606606606606604 -1.1610182531227577 2.101540532186702 -0.016213807865475816 0.029348353756486752 0.003799574501125214
16.636636636636634 -1.1577016840790049 2.0496132342815208 -0.020658676004690797 0.03657444428409312 0.003799574501125214
16.666666666666664 -1.148442297084618 1.9891604081116727 -0.024927996187535037 0.04317655592769404 0.003799574501125214
16.696696696696694 -1.133398073598207 1.9210186107118983 -0.028995425895366557 0.04914491569028637 0.003799574501125214
16.726726726726724 -1.112766330878867 1.8460317306013598 -0.0328367287172864 0.054474727945249345 0.003799574501125214
16.756756756756754 -1.086781173048887 1.7650447823506163 -0.03642983498826647 0.05916581163026939 0.003799574501125214
16.786786786786784 -1.055710651847283 1.6788978935769063 -0.03975493252066557 0.06322231603086317 0.003799574501125214
16.816816816816818 -1.0198537322653884 1.5884206291867393 -0.04279467013733152 0.06665263332849211 0.003799574501125214
16.846846846846848 -0.9795371282479309 1.4944267290846687 -0.045534263242158465 0.06946915856060902 0.003799574501125214
16.876876876876878 -0.9351119550942985 1.3977091458891924 -0.04796145299324372 0.07168784564628015 0.003799574501125214
16.906906906906908 -0.8869502560192477 1.299035449076688 -0.05006657649290215 0.07332796539243358 0.003799574501125214
16.936936936936938 -0.8354414935588843 1.199143699056922 -0.051842677592236125 0.07441193746811157 0.003799574501125214
16.966966966966968 -0.7809889990710999 1.0987387406625915 -0.05328540710830559 0.07496487296429023 0.003799574501125214
16.996996996996995 -0.7240063738192715 0.9984888724884147 -0.054392972342591654 0.07501422582669842 0.003799574501125214
17.027027027027025 -0.6649139298502534 0.8990229823084224 -0.05516615805723901 0.07458956973617074 0.003799574501125214
17.057057057057055 -0.604135210839052 0.8009281601490497 -0.05560824896716145 0.07372225908256878 0.003799574501125214
17.087087087087085 -0.542093561371376 0.7047477038950989 -0.05572487440193827 0.07244501702853547 0.003799574501125214
17.117117117117115 -0.47920880193885557 0.6109795567185055 -0.05552393158932897 0.0707916611140322 0.003799574501125214
17.147147147147145 -0.41589406337806 0.5200752037020009 -0.05501550073757998 0.06879684100432842 0.003799574501125214
17.177177177177175 -0.35255277024723075 0.43243897014450194 -0.054211648049320764 0.06649566031163134 0.003799574501125214
17.207207207207205 -0.28957578751021756 0.34842770042320637 -0.053126277989652776 0.06392339301270339 0.003799574501125214
17.237237237237235 -0.22733878073896174 0.2683508397639406 -0.051774997658899896 0.06111523979929874 0.003799574501125214
17.267267267267265 -0.16619979375717425 0.1924708822367402 -0.050174920679688484 0.0581060363016319 0.003799574501125214
17.297297297297295 -0.10649704101761999 0.12100414387442718 -0.04834447644952728 0.054929995499730266 0.003799574501125214
17.327327327327325 -0.048546949885729385 0.05412186590884749 -0.04630324333093817 0.05162050206244633 0.003799574501125214
17.357357357357355 0.007357544716084756 -0.008048385590222718 -0.04407173704031346 0.04820987802573588 0.003799574501125214
17.387387387387385 0.060948462030231645 -0.06542106674199549 -0.04167121234183424 0.044729187136547714 0.003799574501125214
17.417417417417415 0.11198396823395551 -0.11795075262442883 -0.039123493276777416 0.04120809031924835 0.003799574501125214
17.447447447447445 0.1602493009366191 -0.16563001540273534 -0.03645076040933667 0.03767467297986967 0.003799574501125214
17.477477477477475 0.2055574525658577 -0.2084871398580627 -0.033675337010551296 0.03415529142557755 0.003799574501125214
17.507507507507505 0.24774958898392882 -0.24658367559647593 -0.03081954476338198 0.030674507510314482 0.003799574501125214
17.537537537537535 0.28669520083705013 -0.2800118478462698 -0.027905527286157215 0.027255001959250038 0.003799574501125214
17.567567567567565 0.3222920291450629 -0.30889188967931985 -0.0249550156583989 0.023917445194495696 0.003799574501125214
17.597597597597595 0.3544657662997549 -0.333369313141889 -0.0219892105704532 0.020680496457887186 0.003799574501125214
17.627627627627625 0.383169507733475 -0.3536121117806784 -0.019028660549783357 0.017560804567066362 0.003799574501125214
17.657657657657655 0.40838299761399105 -0.369807951328029 -0.01609306487413244 0.01457294595138182 0.003799574501125214
17.687687687687685 0.4301117101578108 -0.38216139691566164 -0.013201130815168884 0.011729423947421238 0.003799574501125214
17.717717717717715 0.44838572719064296 -0.3908911485595961 -0.010370525261670253 0.00904075728747948 0.003799574501125214
17.747747747747745 0.46325843833556496 -0.3962273179858004 -0.00761775638800867 0.006515506103967604 0.003799574501125214
17.777777777777775 0.47480512641313244 -0.39840880645434223 -0.004958007577182686 0.004160262329388161 0.003799574501125214
17.80780780780781 0.48312142932901125 -0.39768077642104877 -0.00240513470709387 0.0019797835071044445 0.003799574501125214
17.83783783783784 0.48832166265813703 -0.39429220558537487 2.8370397782336093e-05 -2.290749637040565e-05 0.003799574501125214
17.86786786786787 0.49053706586852724 -0.3884935764215291 0.0023314938193774093 -0.0018464871165054487 0.003799574501125214
17.8978978978979 0.48991400911844474 -0.38053472653780435 0.004494729549190667 -0.0034912263132470286 0.003799574501125214
17.92792792792793 0.486612119874601 -0.3706628221093967 0.006510030141955879 -0.00495882869718994 0.003799574501125214
17.95795795795796 0.4808023699112022 -0.35912048288280896 0.008370836114240401 -0.006252337541585044 0.003799574501125214
17.98798798798799 0.47266517959281923 -0.3461440948814965 0.010072128786827296 -0.007376062491951682 0.003799574501125214
18.01801801801802 0.46238852337675573 -0.33196228860167715 0.011610337174939861 -0.00833540173506806 0.003799574501125214
18.048048048048045 0.4501660322730922 -0.31679457147598955 0.012983293741137145 -0.009136711084800984 0.003799574501125214
18.078078078078075 0.43619514938438386 -0.3008501462080531 0.014190244096620478 -0.00978721798539347 0.003799574501125214
18.108108108108105 0.4206753577556001 -0.28432691605649374 0.015231778007836478 -0.010294885086997033 0.003799574501125214
18.138138138138135 0.4038064508022235 -0.26741064446680374 0.016109720373980778 -0.010668256286713283 0.003799574501125214
18.168168168168165 0.3857868821506752 -0.25027428370570887 0.016827082558968896 -0.0109163536375971 0.003799574501125214
18.198198198198195 0.36681222693258225 -0.2330774808343212 0.01738801195758174 -0.011048579426266171 0.003799574501125214
18.228228228228225 0.347073737205988 -0.21596623602477097 0.017797658446507263 -0.01107457261298171 0.003799574501125214
18.258258258258255 0.32675699593385 -0.1990727041188851 0.01806208516239772 -0.0110041045181846 0.003799574501125214
18.288288288288285 0.3060407002583904 -0.18251514625125842 0.018188198190325584 -0.01084699404344386 0.003799574501125214
18.318318318318315 0.2850955728337695 -0.16639801721696856 0.018183630541095813 -0.010613002642480392 0.003799574501125214
18.348348348348345 0.26408338879074617 -0.15081216871147077 0.018056627880268558 -0.010311739873942165 0.003799574501125214
18.378378378378375 0.24315613831555377 -0.13583516855683347 0.017815960864066904 -0.009952592863733912 0.003799574501125214
18.408408408408405 0.22245532670944557 -0.12153172470551404 0.017470820009455743 -0.009544652938529104 0.003799574501125214
18.438438438438435 0.20211139979117088 -0.10795419571596476 0.017030702615788252 -0.009096645737275791 0.003799574501125214
18.468468468468465 0.18224330219123336 -0.09514318136422717 0.01650532429566517 -0.008616882179242018 0.003799574501125214
18.498498498498495 0.16295816917889072 -0.0831281832431441 0.01590451804540396 -0.008113209034772934 0.003799574501125214
18.528528528528525 0.14435113670796712 -0.07192831760707268 0.01523813076954257 -0.007592964868348493 0.003799574501125214
18.558558558558556 0.1265052735778657 -0.061553073882835575 0.01451594847273731 -0.0070629565357358155 0.003799574501125214
18.588588588588586 0.10949163516883795 -0.05200311009529333 0.0137476144455175 -0.006529436759762286 0.003799574501125214
18.618618618618616 0.09336941824439954 -0.04327106753167681 0.012942527421232496 -0.005998077192778507 0.003799574501125214
18.648648648648646 0.07818621360892386 -0.03534239690779383 0.01210978813776362 -0.005473969374893561 0.003799574501125214
18.678678678678676 0.06397836228439736 -0.028196192668679114 0.011258145928136096 -0.004961628280992199 0.003799574501125214
18.708708708708706 0.050771393938249074 -0.02180602012009177 0.010395915627031897 -0.004464985649311717 0.003799574501125214
18.73873873873874 0.038580528780644656 -0.016140723157854187 0.009530926102157316 -0.003987401015873712 0.003799574501125214
18.76876876876877 0.027411256828091552 -0.011165215398834444 0.008670503137154483 -0.003531689033805592 0.003799574501125214
18.7987987987988 0.017259978998505086 -0.006841244644803221 0.007821424032731764 -0.0031001355959526856 0.003799574501125214
18.82882882882883 0.008114681856595033 -0.003128117124047321 0.006989859505540295 -0.0026945109617815947 0.003799574501125214
18.85885885885886 -4.434868879261781e-05 1.6617070935033008e-05 0.006181385037055677 -0.0023161116243554827 0.003799574501125214
18.88888888888889 -0.007243773174812707 0.0026365178194078195 0.005400973523012535 -0.001965793598436433 0.003799574501125214
18.91891891891892 -0.013516432236103593 0.004775659320791688 0.004652957486415653 -0.001643994465484336 0.003799574501125214
18.94894894894895 -0.01890058127091507 0.006478088633217013 0.003941036191592629 -0.0013507723064126178 0.003799574501125214
18.97897897897898 -0.023439110214139892 0.007787331430560364 0.0032683062027976575 -0.0010858511003710276 0.003799574501125214
19.00900900900901 -0.0271787685182547 0.008745951053317453 0.002637259256951298 -0.0008486528872973955 0.003799574501125214
19.03903903903904 -0.030169417495372913 0.009395165993737043 0.002049777766492632 -0.0006383286110652765 0.003799574501125214
19.06906906906907 -0.032463300011957394 0.009774519569039991 0.0015071875572655114 -0.00045380581355804824 0.003799574501125214
19.099099099099096 -0.03411432925737355 0.009921599924570864 0.0010102852157134292 -0.0002938250857695197 0.003799574501125214
19.129129129129126 -0.035177418506428845 0.009871814165224136 0.0005593457829311083 -0.0001569688128817233 0.003799574501125214
19.159159159159156 -0.03570785551423582 0.009658213811659364 0.0001541672776353321 -4.169896255936931e-05 0.003799574501125214
19.189189189189186 -0.03576070977380194 0.009311364618836273 -0.00020587822478901186 5.360652040227716e-05 0.003799574501125214
19.219219219219216 -0.03539028766871359 0.008859261590558654 -0.0005218171103145891 0.00013062663762389211 0.003799574501125214
19.249249249249246 -0.034649644617846795 0.008327287508124667 -0.0007950419817438038 0.0001910710264427893 0.003799574501125214
19.279279279279276 -0.033590144429744145 0.007738208341521049 -0.0010272522226661192 0.00023664952483032687 0.003799574501125214
19.309309309309306 -0.03226106840944434 0.007112202529170662 -0.0012204149431172366 0.00026904993148134794 0.003799574501125214
19.339339339339336 -0.030709282934736598 0.0064669223132908975 -0.001376731538199069 0.00028991936811784185 0.003799574501125214
19.369369369369366 -0.028978961309101846 0.005817582135627803 -0.0014985877341305981 0.0003008443655988069 0.003799574501125214
19.399399399399396 -0.027111354712617164 0.005177069333471587 -0.0015885099774893613 0.00030333512941522556 0.003799574501125214
19.429429429429426 -0.025144617532693765 0.004556074756045596 -0.0016491308343703917 0.0002988139849063919 0.003799574501125214
19.459459459459456 -0.023113684060682586 0.003963239154223238 -0.0016831482537627558 0.0002886047522394847 0.003799574501125214
19.489489489489486 -0.021050190636263278 0.003405311023536205 -0.0016932868449101397 0.0002739247571966369 0.003799574501125214
19.519519519519516 -0.018982444438872276 0.00288731317269329 -0.001682268220409303 0.000255880385080671 0.003799574501125214
19.549549549549546 -0.01693543566053839 0.0024127146009371705 -0.0016527767298092242 0.00023546359408938486 0.003799574501125214
19.579579579579576 -0.014930885892741413 0.0019836040343052495 -0.0016074287615887655 0.0002135507698103729 0.003799574501125214
19.609609609609606 -0.012987333123376198 0.0016008629781576755 -0.0015487525716944065 0.00019090452449313435 0.003799574501125214
19.639639639639636 -0.011120250057570063 0.001264335709134234 -0.0014791649759517433 0.0001681761731179206 0.003799574501125214
19.669669669669666 -0.009342186808557936 0.0009729933006809908 -0.0014009448733677224 0.00014590909006031565 0.003799574501125214
19.699699699699696 -0.007662936911597183 0.0007250902107687471 -0.0013162246226346929 0.00012454514503451426 0.003799574501125214
19.72972972972973 -0.006089725907079933 0.0005183120604888328 -0.0012269796798367446 0.00010443136123659434 0.003799574501125214
19.75975975975976 -0.0046274135641265835 0.0003499126635034705 -0.0011350101958758415 8.58264417560166e-05 0.003799574501125214
19.78978978978979 -0.0032787042963698036 0.0002168392630278736 -0.0010419369221983683 6.89091829907256e-05 0.003799574501125214
19.81981981981982 -0.002044368927073779 0.00011584581713748471 -0.00094920439990861 5.378743429411376e-05 0.003799574501125214
19.84984984984985 -0.0009234708330307533 4.3593437051846334e-05 -0.0008580756140391411 4.050638518119173e-05 0.003799574501125214
19.87987987987988 8.641159128963222e-05 -3.2624499448493536e-06 -0.0007696273253089764 2.9057104348338546e-05 0.003799574501125214
19.90990990990991 0.0009889637295501688 -2.7997757134326975e-05 -0.0006847635604371507 1.938579068847824e-05 0.003799574501125214
19.93993993993994 0.0017889165683628075 -3.3758043177014784e-05 -0.0006042217152567543 1.1402064865884057e-05 0.003799574501125214
19.96996996996997 0.0024918393462895825 -2.3509238572828337e-05 -0.0005285726662503388 4.9868146325156745e-06 0.003799574501125214
20.0 0.0031039445833413682 -3.5171037546128546e-18 -0.00045823463134296653 5.192292256245918e-19 0.003799574501125214
20.03003003003003 0.0036319022544981606 3.426515304901815e-05 -0.00039348840893396807 -3.71236327696822e-06 0.003799574501125214
20.06006006006006 0.004082668703774167 7.704266862796118e-05 -0.00033448512594835454 -6.31195636706906e-06 0.003799574501125214
20.09009009009009 0.004463333637398799 0.0001263578506020614 -0.00028125652841970184 -7.962427478225221e-06 0.003799574501125214
20.12012012012012 0.004780981774051574 0.00018050487778658908 -0.00023373445076594978 -8.824590944689967e-06 0.003799574501125214
20.15015015015015 0.005042570463844258 0.0002380399794259309 -0.00019176314333521055 -9.052386083934988e-06 0.003799574501125214
20.180180180180177 0.005254826305762142 0.0002977689786049958 -0.00015510956150759732 -8.789408633990474e-06 0.003799574501125214
20.210210210210207 0.00542415915599185 0.0003587303299152054 -0.00012348002443986414 -8.166432553203763e-06 0.003799574501125214
20.240240240240237 0.005556591590077144 0.0004201746259201774 -9.653422146455795e-05 -7.299660184635428e-06 0.003799574501125214
20.270270270270267 0.0056577055647480026 0.000481541710357496 -7.389585849492273e-05 -6.289464462360286e-06 0.003799574501125214
20.300300300300297 0.005732605163400491 0.000542436396663169 -5.516510853117121e-05 -5.219889010362432e-06 0.003799574501125214
20.330330330330327 0.005785892995430099 0.0006026035700606405 -3.9930852391203186e-05 -4.158817701175754e-06 0.003799574501125214
20.360360360360357 0.005821660272531771 0.0006619035481130438 -2.7779432777212582e-05 -3.158429770723872e-06 0.003799574501125214
20.390390390390387 0.0058434893202379936 0.0007202884246644129 -1.8304063885995692e-05 -2.256221346334837e-06 0.003799574501125214
20.420420420420417 0.005854466054019385 0.000777779869652702 -1.1113245451227602e-05 -1.4764213369278967e-06 0.003799574501125214
20.450450450450447 0.005857201801414575 0.0008344489383191314 -5.836129937271118e-06 -8.314469255391268e-07 0.003799574501125214
20.480480480480477 0.005853863099012872 0.0008903982883421991 -2.128080032603783e-06 -3.23690319783041e-07 0.003799574501125214
20.510510510510507 0.005846206747665227 0.0009457468878880353 3.238667816797149e-07 5.239226289529158e-08 0.003799574501125214
20.540540540540537 0.005835619366202439 0.0010006174308066398 1.7997546218950925e-06 3.08598922039524e-07 0.003799574501125214
20.570570570570567 0.005823160505040644 0.0010551265909263083 2.545332102808419e-06 4.6120102341104776e-07 0.003799574501125214
20.600600600600597 0.005809606775323536 0.0011093778748746431 2.769629216327291e-06 5.2887665086916e-07 0.003799574501125214
20.630630630630627 0.005795495654176697 0.0011634568825714575 2.646291234501891e-06 5.312480474126285e-07 0.003799574501125214
20.66066066066066 0.005781169034051303 0.001217428980763441 2.315942189817793e-06 4.877032868352396e-07 0.003799574501125214
20.69069069069069 0.0057668145356040475 0.0012713389527227812 1.8871933654220887e-06 4.160464016951063e-07 0.003799574501125214
20.72072072072072 0.005752503069170529 0.0013252121415430187 1.4388339925063886e-06 3.314661902143452e-07 0.003799574501125214
20.75075075075075 0.005738223055947987 0.0013790569484806948 1.0246708908841205e-06 2.462573340565621e-07 0.003799574501125214
20.78078078078078 0.005723910472134876 0.0014328682679347073 6.767956331511166e-07 1.6942245888365859e-07 0.003799574501125214
20.81081081081081 0.00570947356838012 0.0014866312920819623 4.0868319697818814e-07 1.0641282806538098e-07 0.003799574501125214
20.84084084084084 0.005694812576426964 0.0015403254182691048 2.2016292621613947e-07 5.9549378818011455e-08 0.003799574501125214
20.87087087087087 0.005679834633237097 0.0015939279904315087 1.0159166885553152e-07 2.8509598437233434e-08 0.003799574501125214
20.9009009009009 0.005664463281544537 0.0016474173665530622 3.724952650761521e-08 1.083342124653888e-08 0.003799574501125214
20.93093093093093 0.005648643483319609 0.0017007752214316047 9.008406962180842e-09 2.712381369277901e-09 0.003799574501125214
20.96096096096096 0.005632342059525305 0.0017539877457316705 1.057844088743608e-09 3.2942700371208477e-10 0.003799574501125214
20.99099099099099 0.005615543272301489 0.0018070453252636387 5.718913514396029e-10 1.8403091972864345e-10 0.003799574501125214
21.02102102102102 0.0 0.0 0.0 0.0 0.003799574501125214
21.05105105105105 0.0 0.0 0.0 0.0 0.003799574501125214
21.08108108108108 0.0 0.0 0.0 0.0 0.003799574501125214
21.11111111111111 0.0 0.0 0.0 0.0 0.003799574501125214
21.14114114114114 0.0 0.0 0.0 0.0 0.003799574501125214
21.17117117117117 0.0 0.0 0.0 0.0 0.003799574501125214
21.2012012012012 0.0 0.0 0.0 0.0 0.003799574501125214
21.231231231231227 0.0 0.0 0.0 0.0 0.003799574501125214
21.261261261261257 0.0 0.0 0.0 0.0 0.003799574501125214
21.291291291291287 0.0 0.0 0.0 0.0 0.003799574501125214
21.321321321321317 0.0 0.0 0.0 0.0 0.003799574501125214
21.351351351351347 0.0 0.0 0.0 0.0 0.003799574501125214
21.381381381381377 0.0 0.0 0.0 0.0 0.003799574501125214
21.411411411411407 0.0 0.0 0.0 0.0 0.003799574501125214
21.441441441441437 0.0 0.0 0.0 0.0 0.003799574501125214
21.471471471471467 0.0 0.0 0.0 0.0 0.003799574501125214
21.501501501501497 0.0 0.0 0.0 0.0 0.003799574501125214
21.531531531531527 0.0 0.0 0.0 0.0 0.003799574501125214
21.561561561561557 0.0 0.0 0.0 0.0 0.003799574501125214
21.591591591591587 0.0 0.0 0.0 0.0 0.003799574501125214
21.621621621621617 0.0 0.0 0.0 0.0 0.003799574501125214
21.65165165165165 0.0 0.0 0.0 0.0 0.003799574501125214
21.68168168168168 0.0 0.0 0.0 0.0 0.003799574501125214
21.71171171171171 0.0 0.0 0.0 0.0 0.003799574501125214
21.74174174174174 0.0 0.0 0.0 0.0 0.003799574501125214
21.77177177177177 0.0 0.0 0.0 0.0 0.003799574501125214
21.8018018018018 0.0 0.0 0.0 0.0 0.003799574501125214
21.83183183183183 0.0 0.0 0.0 0.0 0.003799574501125214
21.86186186186186 0.0 0.0 0.0 0.0 0.003799574501125214
21.89189189189189 0.0 0.0 0.0 0.0 0.003799574501125214
21.92192192192192 0.0 0.0 0.0 0.0 0.003799574501125214
21.95195195195195 0.0 0.0 0.0 0.0 0.003799574501125214
21.98198198198198 0.0 0.0 0.0 0.0 0.003799574501125214
22.01201201201201 0.0 0.0 0.0 0.0 0.003799574501125214
22.04204204204204 0.0 0.0 0.0 0.0 0.003799574501125214
22.07207207207207 0.0 0.0 0.0 0.0 0.003799574501125214
22.1021021021021 0.0 0.0 0.0 0.0 0.003799574501125214
22.13213213213213 0.0 0.0 0.0 0.0 0.003799574501125214
22.16216216216216 0.0 0.0 0.0 0.0 0.003799574501125214
22.19219219219219 0.0 0.0 0.0 0.0 0.003799574501125214
22.22222222222222 0.0 0.0 0.0 0.0 0.003799574501125214
22.25225225225225 0.0 0.0 0.0 0.0 0.003799574501125214
22.282282282282278 0.0 0.0 0.0 0.0 0.003799574501125214
22.312312312312308 0.0 0.0 0.0 0.0 0.003799574501125214
22.342342342342338 0.0 0.0 0.0 0.0 0.003799574501125214
22.372372372372368 0.0 0.0 0.0 0.0 0.003799574501125214
22.402402402402398 0.0 0.0 0.0 0.0 0.003799574501125214
22.432432432432428 0.0 0.0 0.0 0.0 0.003799574501125214
22.462462462462458 0.0 0.0 0.0 0.0 0.003799574501125214
22.492492492492488 0.0 0.0 0.0 0.0 0.003799574501125214
22.522522522522518 0.0 0.0 0.0 0.0 0.003799574501125214
22.552552552552548 0.0 0.0 0.0 0.0 0.003799574501125214
22.58258258258258 0.0 0.0 0.0 0.0 0.003799574501125214
22.61261261261261 0.0 0.0 0.0 0.0 0.003799574501125214
22.64264264264264 0.0 0.0 0.0 0.0 0.003799574501125214
22.67267267267267 0.0 0.0 0.0 0.0 0.003799574501125214
22.7027027027027 0.0 0.0 0.0 0.0 0.003799574501125214
22.73273273273273 0.0 0.0 0.0 0.0 0.003799574501125214
22.762762762762762 0.0 0.0 0.0 0.0 0.003799574501125214
22.792792792792792 0.0 0.0 0.0 0.0 0.003799574501125214
22.822822822822822 0.0 0.0 0.0 0.0 0.003799574501125214
22.852852852852852 0.0 0.0 0.0 0.0 0.003799574501125214
22.882882882882882 0.0 0.0 0.0 0.0 0.003799574501125214
22.912912912912912 0.0 0.0 0.0 0.0 0.003799574501125214
22.942942942942942 0.0 0.0 0.0 0.0 0.003799574501125214
22.972972972972972 0.0 0.0 0.0 0.0 0.003799574501125214
23.003003003003002 0.0 0.0 0.0 0.0 0.003799574501125214
23.033033033033032 0.0 0.0 0.0 0.0 0.003799574501125214
23.063063063063062 0.0 0.0 0.0 0.0 0.003799574501125214
23.093093093093092 0.0 0.0 0.0 0.0 0.003799574501125214
23.123123123123122 0.0 0.0 0.0 0.0 0.003799574501125214
23.153153153153152 0.0 0.0 0.0 0.0 0.003799574501125214
23.183183183183182 0.0 0.0 0.0 0.0 0.003799574501125214
23.213213213213212 0.0 0.0 0.0 0.0 0.003799574501125214
23.243243243243242 0.0 0.0 0.0 0.0 0.003799574501125214
23.273273273273272 0.0 0.0 0.0 0.0 0.003799574501125214
23.303303303303302 0.0 0.0 0.0 0.0 0.003799574501125214
23.33333333333333 0.0 0.0 0.0 0.0 0.003799574501125214
23.36336336336336 0.0 0.0 0.0 0.0 0.003799574501125214
23.39339339339339 0.0 0.0 0.0 0.0 0.003799574501125214
23.42342342342342 0.0 0.0 0.0 0.0 0.003799574501125214
23.45345345345345 0.0 0.0 0.0 0.0 0.003799574501125214
23.48348348348348 0.0 0.0 0.0 0.0 0.003799574501125214
23.51351351351351 0.0 0.0 0.0 0.0 0.003799574501125214
23.54354354354354 0.0 0.0 0.0 0.0 0.003799574501125214
23.573573573573572 0.0 0.0 0.0 0.0 0.003799574501125214
23.603603603603602 0.0 0.0 0.0 0.0 0.003799574501125214
23.633633633633632 0.0 0.0 0.0 0.0 0.003799574501125214
23.663663663663662 0.0 0.0 0.0 0.0 0.003799574501125214
23.693693693693692 0.0 0.0 0.0 0.0 0.003799574501125214
23.723723723723722 0.0 0.0 0.0 0.0 0.003799574501125214
23.753753753753752 0.0 0.0 0.0 0.0 0.003799574501125214
23.783783783783782 0.0 0.0 0.0 0.0 0.003799574501125214
23.813813813813812 0.0 0.0 0.0 0.0 0.003799574501125214
23.843843843843842 0.0 0.0 0.0 0.0 0.003799574501125214
23.873873873873872 0.0 0.0 0.0 0.0 0.003799574501125214
23.903903903903903 0.0 0.0 0.0 0.0 0.003799574501125214
23.933933933933933 0.0 0.0 0.0 0.0 0.003799574501125214
23.963963963963963 0.0 0.0 0.0 0.0 0.003799574501125214
23.993993993993993 0.0 0.0 0.0 0.0 0.003799574501125214
24.024024024024023 0.0 0.0 0.0 0.0 0.003799574501125214
24.054054054054053 0.0 0.0 0.0 0.0 0.003799574501125214
24.084084084084083 0.0 0.0 0.0 0.0 0.003799574501125214
24.114114114114113 0.0 0.0 0.0 0.0 0.003799574501125214
24.144144144144143 0.0 0.0 0.0 0.0 0.003799574501125214
24.174174174174173 0.0 0.0 0.0 0.0 0.003799574501125214
24.204204204204203 0.0 0.0 0.0 0.0 0.003799574501125214
24.234234234234233 0.0 0.0 0.0 0.0 0.003799574501125214
24.264264264264263 0.0 0.0 0.0 0.0 0.003799574501125214
24.294294294294293 0.0 0.0 0.0 0.0 0.003799574501125214
24.324324324324323 0.0 0.0 0.0 0.0 0.003799574501125214
24.354354354354353 0.0 0.0 0.0 0.0 0.003799574501125214
24.38438438438438 0.0 0.0 0.0 0.0 0.003799574501125214
24.41441441441441 0.0 0.0 0.0 0.0 0.003799574501125214
24.44444444444444 0.0 0.0 0.0 0.0 0.003799574501125214
24.47447447447447 0.0 0.0 0.0 0.0 0.003799574501125214
24.504504504504503 0.0 0.0 0.0 0.0 0.003799574501125214
24.534534534534533 0.0 0.0 0.0 0.0 0.003799574501125214
24.564564564564563 0.0 0.0 0.0 0.0 0.003799574501125214
24.594594594594593 0.0 0.0 0.0 0.0 0.003799574501125214
24.624624624624623 0.0 0.0 0.0 0.0 0.003799574501125214
24.654654654654653 0.0 0.0 0.0 0.0 0.003799574501125214
24.684684684684683 0.0 0.0 0.0 0.0 0.003799574501125214
24.714714714714713 0.0 0.0 0.0 0.0 0.003799574501125214
24.744744744744743 0.0 0.0 0.0 0.0 0.003799574501125214
24.774774774774773 0.0 0.0 0.0 0.0 0.003799574501125214
24.804804804804803 0.0 0.0 0.0 0.0 0.003799574501125214
24.834834834834833 0.0 0.0 0.0 0.0 0.003799574501125214
24.864864864864863 0.0 0.0 0.0 0.0 0.003799574501125214
24.894894894894893 0.0 0.0 0.0 0.0 0.003799574501125214
24.924924924924923 0.0 0.0 0.0 0.0 0.003799574501125214
24.954954954954953 0.0 0.0 0.0 0.0 0.003799574501125214
24.984984984984983 0.0 0.0 0.0 0.0 0.003799574501125214
25.015015015015013 -0.0 0.0 -0.0 0.0 0.003799574501125214
25.045045045045043 -0.0 0.0 -0.0 0.0 0.003799574501125214
25.075075075075073 -0.0 0.0 -0.0 0.0 0.003799574501125214
25.105105105105103 -0.0 0.0 -0.0 0.0 0.003799574501125214
25.135135135135133 -0.0 0.0 -0.0 0.0 0.003799574501125214
25.165165165165163 -0.0 0.0 -0.0 0.0 0.003799574501125214
25.195195195195193 -0.0 0.0 -0.0 0.0 0.003799574501125214
25.225225225225223 -0.0 0.0 -0.0 0.0 0.003799574501125214
25.255255255255253 -0.0 0.0 -0.0 0.0 0.003799574501125214
25.285285285285283 -0.0 0.0 -0.0 0.0 0.003799574501125214
25.315315315315313 -0.0 0.0 -0.0 0.0 0.003799574501125214
25.345345345345343 -0.0 0.0 -0.0 0.0 0.003799574501125214
25.375375375375373 -0.0 0.0 -0.0 0.0 0.003799574501125214
25.405405405405403 -0.0 0.0 -0.0 0.0 0.003799574501125214
25.435435435435434 -0.0 0.0 -0.0 0.0 0.003799574501125214
25.46546546546546 -0.0 0.0 -0.0 0.0 0.003799574501125214
25.49549549549549 -0.0 0.0 -0.0 0.0 0.003799574501125214
25.52552552552552 -0.0 0.0 -0.0 0.0 0.003799574501125214
25.55555555555555 -0.0 0.0 -0.0 0.0 0.003799574501125214
25.58558558558558 -0.0 0.0 -0.0 0.0 0.003799574501125214
25.61561561561561 -0.0 0.0 -0.0 0.0 0.003799574501125214
25.64564564564564 -0.0 0.0 -0.0 0.0 0.003799574501125214
25.67567567567567 -0.0 0.0 -0.0 0.0 0.003799574501125214
25.7057057057057 -0.0 0.0 -0.0 0.0 0.003799574501125214
25.73573573573573 -0.0 0.0 -0.0 0.0 0.003799574501125214
25.76576576576576 -0.0 0.0 -0.0 0.0 0.003799574501125214
25.79579579579579 -0.0 0.0 -0.0 0.0 0.003799574501125214
25.82582582582582 -0.0 0.0 -0.0 0.0 0.003799574501125214
25.85585585585585 -0.0 0.0 -0.0 0.0 0.003799574501125214
25.88588588588588 -0.0 0.0 -0.0 0.0 0.003799574501125214
25.91591591591591 -0.0 0.0 -0.0 0.0 0.003799574501125214
25.945945945945947 -0.0 0.0 -0.0 0.0 0.003799574501125214
25.975975975975977 -0.0 0.0 -0.0 0.0 0.003799574501125214
26.006006006006007 -0.0 0.0 -0.0 0.0 0.003799574501125214
26.036036036036037 -0.0 0.0 -0.0 0.0 0.003799574501125214
26.066066066066067 -0.0 0.0 -0.0 0.0 0.003799574501125214
26.096096096096097 -0.0 0.0 -0.0 0.0 0.003799574501125214
26.126126126126128 -0.0 0.0 -0.0 0.0 0.003799574501125214
26.156156156156158 -0.0 0.0 -0.0 0.0 0.003799574501125214
26.186186186186188 -0.0 0.0 -0.0 0.0 0.003799574501125214
26.216216216216214 -0.0 0.0 -0.0 0.0 0.003799574501125214
26.246246246246244 -0.0 0.0 -0.0 0.0 0.003799574501125214
26.276276276276274 -0.0 0.0 -0.0 0.0 0.003799574501125214
26.306306306306304 -0.0 0.0 -0.0 0.0 0.003799574501125214
26.336336336336334 -0.0 0.0 -0.0 0.0 0.003799574501125214
26.366366366366364 -0.0 0.0 -0.0 0.0 0.003799574501125214
26.396396396396394 -0.0 0.0 -0.0 0.0 0.003799574501125214
26.426426426426424 -0.0 0.0 -0.0 0.0 0.003799574501125214
26.456456456456454 -0.0 0.0 -0.0 0.0 0.003799574501125214
26.486486486486484 -0.0 0.0 -0.0 0.0 0.003799574501125214
26.516516516516514 -0.0 0.0 -0.0 0.0 0.003799574501125214
26.546546546546544 -0.0 0.0 -0.0 0.0 0.003799574501125214
26.576576576576574 -0.0 0.0 -0.0 0.0 0.003799574501125214
26.606606606606604 -0.0 0.0 -0.0 0.0 0.003799574501125214
26.636636636636634 -0.0 0.0 -0.0 0.0 0.003799574501125214
26.666666666666664 -0.0 0.0 -0.0 0.0 0.003799574501125214
26.696696696696694 -0.0 0.0 -0.0 0.0 0.003799574501125214
26.726726726726724 -0.0 0.0 -0.0 0.0 0.003799574501125214
26.756756756756754 -0.0 0.0 -0.0 0.0 0.003799574501125214
26.786786786786784 -0.0 0.0 -0.0 0.0 0.003799574501125214
26.816816816816814 -0.0 0.0 -0.0 0.0 0.003799574501125214
26.846846846846844 -0.0 0.0 -0.0 0.0 0.003799574501125214
26.876876876876874 -0.0 0.0 -0.0 0.0 0.003799574501125214
26.906906906906904 -0.0 0.0 -0.0 0.0 0.003799574501125214
26.936936936936934 -0.0 0.0 -0.0 0.0 0.003799574501125214
26.966966966966964 -0.0 0.0 -0.0 0.0 0.003799574501125214
26.996996996996995 -0.0 0.0 -0.0 0.0 0.003799574501125214
27.027027027027025 -0.0 0.0 -0.0 0.0 0.003799574501125214
27.057057057057055 -0.0 0.0 -0.0 0.0 0.003799574501125214
27.087087087087085 -0.0 0.0 -0.0 0.0 0.003799574501125214
27.117117117117115 -0.0 0.0 -0.0 0.0 0.003799574501125214
27.147147147147145 -0.0 0.0 -0.0 0.0 0.003799574501125214
27.177177177177175 -0.0 0.0 -0.0 0.0 0.003799574501125214
27.207207207207205 -0.0 0.0 -0.0 0.0 0.003799574501125214
27.237237237237235 -0.0 0.0 -0.0 0.0 0.003799574501125214
27.267267267267265 -0.0 0.0 -0.0 0.0 0.003799574501125214
27.297297297297295 -0.0 0.0 -0.0 0.0 0.003799574501125214
27.327327327327325 -0.0 0.0 -0.0 0.0 0.003799574501125214
27.357357357357355 -0.0 0.0 -0.0 0.0 0.003799574501125214
27.387387387387385 -0.0 0.0 -0.0 0.0 0.003799574501125214
27.417417417417415 -0.0 0.0 -0.0 0.0 0.003799574501125214
27.447447447447445 -0.0 0.0 -0.0 0.0 0.003799574501125214
27.477477477477475 -0.0 0.0 -0.0 0.0 0.003799574501125214
27.507507507507505 -0.0 0.0 -0.0 0.0 0.003799574501125214
27.537537537537535 -0.0 0.0 -0.0 0.0 0.003799574501125214
27.56756756756756 -0.0 0.0 -0.0 0.0 0.003799574501125214
27.59759759759759 -0.0 0.0 -0.0 0.0 0.003799574501125214
27.62762762762762 -0.0 0.0 -0.0 0.0 0.003799574501125214
27.65765765765765 -0.0 0.0 -0.0 0.0 0.003799574501125214
27.68768768768768 -0.0 0.0 -0.0 0.0 0.003799574501125214
27.71771771771771 -0.0 0.0 -0.0 0.0 0.003799574501125214
27.74774774774774 -0.0 0.0 -0.0 0.0 0.003799574501125214
27.77777777777777 -0.0 0.0 -0.0 0.0 0.003799574501125214
27.8078078078078 -0.0 0.0 -0.0 0.0 0.003799574501125214
27.83783783783783 -0.0 0.0 -0.0 0.0 0.003799574501125214
27.86786786786786 -0.0 0.0 -0.0 0.0 0.003799574501125214
27.8978978978979 -0.0 0.0 -0.0 0.0 0.003799574501125214
27.92792792792793 -0.0 0.0 -0.0 0.0 0.003799574501125214
27.95795795795796 -0.0 0.0 -0.0 0.0 0.003799574501125214
27.98798798798799 -0.0 0.0 -0.0 0.0 0.003799574501125214
28.01801801801802 -0.0 0.0 -0.0 0.0 0.003799574501125214
28.04804804804805 -0.0 0.0 -0.0 0.0 0.003799574501125214
28.07807807807808 -0.0 0.0 -0.0 0.0 0.003799574501125214
28.10810810810811 -0.0 0.0 -0.0 0.0 0.003799574501125214
28.13813813813814 -0.0 0.0 -0.0 0.0 0.003799574501125214
28.16816816816817 -0.0 0.0 -0.0 0.0 0.003799574501125214
28.1981981981982 -0.0 0.0 -0.0 0.0 0.003799574501125214
28.22822822822823 -0.0 0.0 -0.0 0.0 0.003799574501125214
28.25825825825826 -0.0 0.0 -0.0 0.0 0.003799574501125214
28.28828828828829 -0.0 0.0 -0.0 0.0 0.003799574501125214
28.318318318318315 -0.0 0.0 -0.0 0.0 0.003799574501125214
28.348348348348345 -0.0 0.0 -0.0 0.0 0.003799574501125214
28.378378378378375 -0.0 0.0 -0.0 0.0 0.003799574501125214
28.408408408408405 -0.0 0.0 -0.0 0.0 0.003799574501125214
28.438438438438435 -0.0 0.0 -0.0 0.0 0.003799574501125214
28.468468468468465 -0.0 0.0 -0.0 0.0 0.003799574501125214
28.498498498498495 -0.0 0.0 -0.0 0.0 0.003799574501125214
28.528528528528525 -0.0 0.0 -0.0 0.0 0.003799574501125214
28.558558558558556 -0.0 0.0 -0.0 0.0 0.003799574501125214
28.588588588588586 -0.0 0.0 -0.0 0.0 0.003799574501125214
28.618618618618616 -0.0 0.0 -0.0 0.0 0.003799574501125214
28.648648648648646 -0.0 0.0 -0.0 0.0 0.003799574501125214
28.678678678678676 -0.0 0.0 -0.0 0.0 0.003799574501125214
28.708708708708706 -0.0 0.0 -0.0 0.0 0.003799574501125214
28.738738738738736 -0.0 0.0 -0.0 0.0 0.003799574501125214
28.768768768768766 -0.0 0.0 -0.0 0.0 0.003799574501125214
28.798798798798796 -0.0 0.0 -0.0 0.0 0.003799574501125214
28.828828828828826 -0.0 0.0 -0.0 0.0 0.003799574501125214
28.858858858858856 -0.0 0.0 -0.0 0.0 0.003799574501125214
28.888888888888886 -0.0 0.0 -0.0 0.0 0.003799574501125214
28.918918918918916 -0.0 0.0 -0.0 0.0 0.003799574501125214
28.948948948948946 -0.0 0.0 -0.0 0.0 0.003799574501125214
28.978978978978976 -0.0 0.0 -0.0 0.0 0.003799574501125214
29.009009009009006 -0.0 0.0 -0.0 0.0 0.003799574501125214
29.039039039039036 -0.0 0.0 -0.0 0.0 0.003799574501125214
29.069069069069066 -0.0 0.0 -0.0 0.0 0.003799574501125214
29.099099099099096 -0.0 0.0 -0.0 0.0 0.003799574501125214
29.129129129129126 -0.0 0.0 -0.0 0.0 0.003799574501125214
29.159159159159156 -0.0 0.0 -0.0 0.0 0.003799574501125214
29.189189189189186 -0.0 0.0 -0.0 0.0 0.003799574501125214
29.219219219219216 -0.0 0.0 -0.0 0.0 0.003799574501125214
29.249249249249246 -0.0 0.0 -0.0 0.0 0.003799574501125214
29.279279279279276 -0.0 0.0 -0.0 0.0 0.003799574501125214
29.309309309309306 -0.0 0.0 -0.0 0.0 0.003799574501125214
29.339339339339336 -0.0 0.0 -0.0 0.0 0.003799574501125214
29.369369369369366 -0.0 0.0 -0.0 0.0 0.003799574501125214
29.399399399399396 -0.0 0.0 -0.0 0.0 0.003799574501125214
29.429429429429426 -0.0 0.0 -0.0 0.0 0.003799574501125214
29.459459459459456 -0.0 0.0 -0.0 0.0 0.003799574501125214
29.489489489489486 -0.0 0.0 -0.0 0.0 0.003799574501125214
29.519519519519516 -0.0 0.0 -0.0 0.0 0.003799574501125214
29.549549549549546 -0.0 0.0 -0.0 0.0 0.003799574501125214
29.579579579579576 -0.0 0.0 -0.0 0.0 0.003799574501125214
29.609609609609606 -0.0 0.0 -0.0 0.0 0.003799574501125214
29.639639639639636 -0.0 0.0 -0.0 0.0 0.003799574501125214
29.669669669669663 -0.0 0.0 -0.0 0.0 0.003799574501125214
29.699699699699693 -0.0 0.0 -0.0 0.0 0.003799574501125214
29.729729729729723 -0.0 0.0 -0.0 0.0 0.003799574501125214
29.759759759759753 -0.0 0.0 -0.0 0.0 0.003799574501125214
29.78978978978979 -0.0 0.0 -0.0 0.0 0.003799574501125214
29.81981981981982 -0.0 0.0 -0.0 0.0 0.003799574501125214
29.84984984984985 -0.0 0.0 -0.0 0.0 0.003799574501125214
29.87987987987988 -0.0 0.0 -0.0 0.0 0.003799574501125214
29.90990990990991 -0.0 0.0 -0.0 0.0 0.003799574501125214
29.93993993993994 -0.0 0.0 -0.0 0.0 0.003799574501125214
29.96996996996997 -0.0 0.0 -0.0 0.0 0.003799574501125214
30.0 -0.0 0.0 -0.0 0.0 0.003799574501125214
